,name,conditional_probability,percentile,adjusted_p_value,should accept
0,emotion|global nervous system,0.11617469359571897,0.9805491990846682,0.11847920910461888,False
1,emotion|immunologic,0.09375,0.937070938215103,0.10004578754578754,False
2,emotion|motor,0.11324376199616122,0.971395881006865,0.11645224294853039,False
3,emotion|misclassified,0.11967349197565025,0.988558352402746,0.12105860183647953,False
4,emotion|gastrointestinal,0.10508205399682372,0.9496567505720824,0.1106526689074987,False
5,emotion|song references,0.05714285714285715,0.8483981693363845,0.0673084328070851,False
6,emotion|cardiovascular,0.10651499482936917,0.9530892448512586,0.11175762962889395,False
7,emotion|genitourinary,0.10735468564650058,0.9553775743707094,0.11236885659286408,False
8,emotion|oncologic,0.09659613615455383,0.9382151029748284,0.10295734512082932,False
9,emotion|written media references,0.09926470588235295,0.9405034324942791,0.10554422498926579,False
10,emotion|chemical process,0.10062402496099844,0.9450800915331807,0.10647142592725502,False
11,emotion|metabolic,0.11885245901639344,0.9862700228832952,0.12050701761058916,False
12,emotion|hematologic,0.06666666666666668,0.9038901601830663,0.0736620311841551,False
13,emotion|musculoskeletal,0.1,0.9422196796338673,0.10606796116504856,False
14,emotion|place references,0.08544303797468356,0.9279176201372997,0.09191936897458369,False
15,emotion|property of toxin,0.10946446615021892,0.9633867276887872,0.1136246358851441,False
16,emotion|somatic sensation,0.10052910052910052,0.9439359267734554,0.10647142592725502,False
17,emotion|neurologic disorder,0.10798898071625344,0.9576659038901602,0.11276268715173897,False
18,emotion|perception,0.1223751749883341,0.9908466819221968,0.12350566159330716,False
19,emotion|endocrine,0.0625,0.8872997711670481,0.0701219512195122,False
20,emotion|sense of self,0.11800092549745489,0.9839816933638444,0.11992187079625066,False
21,emotion|use of substance,0.10631479736098019,0.9519450800915332,0.11168165011237582,False
22,emotion|sexual activity,0.10711430855315747,0.954233409610984,0.11225168546218181,False
23,emotion|uninterpretable,0.1125133547008547,0.9679633867276888,0.11613739743300498,False
24,emotion|respiratory,0.11180124223602485,0.9668192219679634,0.11563820794590025,False
25,emotion|activity references,0.125,0.9965675057208238,0.1252866972477064,False
27,emotion|esp,0.11355879615265281,0.9736842105263158,0.1166279528054272,False
28,emotion|infectious,0.08538587848932677,0.9267734553775744,0.09191936897458369,False
29,emotion|cognitive ability,0.10843605546995377,0.959954233409611,0.11295960963139404,False
30,emotion|behavior,0.11967128916281458,0.9874141876430206,0.12105860183647953,False
31,emotion|integumentary,0.10863874345549739,0.9610983981693364,0.11301303344721392,False
32,global nervous system|emotion,0.04523457453958865,0.7425629290617849,0.06083283331333253,False
33,global nervous system|immunologic,0.025,0.5743707093821511,0.042843137254901964,True
34,global nervous system|motor,0.05758157389635316,0.8535469107551488,0.06746152223245665,False
35,global nervous system|misclassified,0.04593248478140565,0.7505720823798627,0.060905067155067154,False
36,global nervous system|gastrointestinal,0.050026469031233464,0.8054919908466819,0.062106724337071095,False
37,global nervous system|song references,0.05714285714285715,0.8483981693363845,0.0673084328070851,False
38,global nervous system|cardiovascular,0.05584281282316443,0.8421052631578947,0.0662919170381857,False
39,global nervous system|genitourinary,0.057532621589561087,0.8524027459954233,0.06746152223245665,False
40,global nervous system|oncologic,0.03219871205151794,0.6270022883295194,0.05135342031574212,False
41,global nervous system|written media references,0.051470588235294115,0.8157894736842105,0.06299189596570182,False
42,global nervous system|chemical process,0.04602184087363495,0.7551487414187643,0.060905067155067154,False
43,global nervous system|metabolic,0.0430327868852459,0.709954233409611,0.06050237341772152,False
44,global nervous system|hematologic,0.025,0.5743707093821511,0.042843137254901964,True
45,global nervous system|musculoskeletal,0.05,0.7980549199084668,0.062106724337071095,False
46,global nervous system|place references,0.05379746835443038,0.8318077803203662,0.06467536085525744,False
47,global nervous system|property of toxin,0.0549006399461098,0.8375286041189931,0.06555076408866116,False
48,global nervous system|somatic sensation,0.047619047619047616,0.7734553775743707,0.06155428080443134,False
49,global nervous system|neurologic disorder,0.048484848484848485,0.7814645308924485,0.061923957055122235,False
50,global nervous system|perception,0.05202986467568828,0.8203661327231121,0.06342273602029506,False
51,global nervous system|endocrine,0.0625,0.8872997711670481,0.0701219512195122,False
52,global nervous system|sense of self,0.048588616381304954,0.7831807780320366,0.061923957055122235,False
53,global nervous system|use of substance,0.05146088595664468,0.8146453089244852,0.06299189596570182,False
54,global nervous system|sexual activity,0.04796163069544364,0.778604118993135,0.06155428080443134,False
55,global nervous system|uninterpretable,0.04353632478632479,0.7162471395881007,0.06050237341772152,False
56,global nervous system|respiratory,0.04037267080745342,0.6796338672768879,0.05940355940355941,False
59,global nervous system|esp,0.044678870617437166,0.7368421052631579,0.06063561012366473,False
60,global nervous system|infectious,0.034482758620689655,0.6441647597254004,0.053499040916897785,False
61,global nervous system|cognitive ability,0.046224961479198766,0.7562929061784897,0.060905067155067154,False
62,global nervous system|behavior,0.05153227187125492,0.8180778032036613,0.06299189596570182,False
63,global nervous system|integumentary,0.04581151832460733,0.7482837528604119,0.060905067155067154,False
64,immunologic|emotion,0.001008200026885334,0.08009153318077804,0.012381181737048634,True
65,immunologic|global nervous system,0.0006904885206283445,0.06064073226544622,0.011386546547720248,True
67,immunologic|misclassified,0.0016602102933038186,0.11384439359267734,0.014510237963475373,True
68,immunologic|gastrointestinal,0.00185283218634198,0.12414187643020595,0.014791413984712152,True
70,immunologic|cardiovascular,0.0025853154084798345,0.14988558352402745,0.017248592877949432,True
71,immunologic|genitourinary,0.002372479240806643,0.14530892448512586,0.016286523553965416,True
72,immunologic|oncologic,0.005519779208831647,0.2797482837528604,0.019690967463342285,True
73,immunologic|written media references,0.0018382352941176473,0.11956521739130435,0.014791413984712152,True
74,immunologic|chemical process,0.00234009360374415,0.14302059496567507,0.016232077854542754,True
76,immunologic|hematologic,0.03333333333333334,0.6361556064073226,0.05202380952380953,False
78,immunologic|place references,0.003164556962025317,0.17105263157894737,0.01806282722513089,True
79,immunologic|property of toxin,0.001684068710003368,0.11556064073226545,0.014573030223197463,True
81,immunologic|neurologic disorder,0.0011019283746556473,0.08466819221967964,0.013014667560122104,True
82,immunologic|perception,0.0005832944470368642,0.05377574370709382,0.010164445374828461,True
84,immunologic|sense of self,0.0009254974548819992,0.07780320366132723,0.011895364346571579,True
85,immunologic|use of substance,0.0015080113100848257,0.10354691075514874,0.014203068122724913,True
86,immunologic|sexual activity,0.0031974420463629096,0.17448512585812356,0.01806282722513089,True
87,immunologic|uninterpretable,0.0008680555555555557,0.07093821510297482,0.011895364346571579,True
88,immunologic|respiratory,0.0031055900621118015,0.16590389016018306,0.01806282722513089,True
91,immunologic|esp,0.0003102699348433137,0.02116704805491991,0.010164445374828461,True
92,immunologic|infectious,0.011494252873563218,0.41876430205949655,0.027203403019141977,True
93,immunologic|cognitive ability,0.0013482280431432975,0.10011441647597254,0.01339035579212775,True
94,immunologic|behavior,0.0011984249272384865,0.09153318077803203,0.013092792330080465,True
96,motor|emotion,0.003965586772415647,0.21853546910755148,0.018143018466852665,True
97,motor|global nervous system,0.0051786639047125835,0.2654462242562929,0.019198284894640077,True
99,motor|misclassified,0.004427227448810183,0.2299771167048055,0.019198284894640077,True
100,motor|gastrointestinal,0.005293806246691371,0.2757437070938215,0.019198284894640077,True
102,motor|cardiovascular,0.0062047569803516025,0.3009153318077803,0.020231481481481482,True
103,motor|genitourinary,0.0035587188612099642,0.18878718535469108,0.01806282722513089,True
104,motor|oncologic,0.003679852805887765,0.20194508009153317,0.01806282722513089,True
105,motor|written media references,0.0036764705882352945,0.19965675057208238,0.01806282722513089,True
106,motor|chemical process,0.0015600624024961001,0.10983981693363844,0.014203068122724913,True
107,motor|metabolic,0.006147540983606557,0.29919908466819223,0.020231481481481482,True
110,motor|place references,0.003164556962025317,0.17105263157894737,0.01806282722513089,True
111,motor|property of toxin,0.0057258336140114515,0.284324942791762,0.020050316966299865,True
112,motor|somatic sensation,0.010582010582010581,0.3987414187643021,0.026284272266645866,True
113,motor|neurologic disorder,0.006244260789715335,0.3049199084668192,0.020231481481481482,True
114,motor|perception,0.004083061129258049,0.2219679633867277,0.018369062631357715,True
115,motor|endocrine,0.020833333333333336,0.5360411899313501,0.03857697740112995,True
116,motor|sense of self,0.002776492364645997,0.15675057208237986,0.01760458175689966,True
117,motor|use of substance,0.006220546654099906,0.3026315789473684,0.020231481481481482,True
118,motor|sexual activity,0.004796163069544364,0.2482837528604119,0.019198284894640077,True
119,motor|uninterpretable,0.003205128205128205,0.17620137299771166,0.01806282722513089,True
120,motor|respiratory,0.0031055900621118015,0.16590389016018306,0.01806282722513089,True
121,motor|activity references,0.025,0.5743707093821511,0.042843137254901964,True
123,motor|esp,0.0034129692832764505,0.18192219679633867,0.01806282722513089,True
124,motor|infectious,0.0049261083743842365,0.2551487414187643,0.019198284894640077,True
125,motor|cognitive ability,0.003852080123266564,0.21052631578947367,0.01806282722513089,True
126,motor|behavior,0.004793699708953946,0.2459954233409611,0.019198284894640077,True
127,motor|integumentary,0.005235602094240838,0.26887871853546913,0.019198284894640077,True
128,misclassified|emotion,0.05813953488372092,0.8546910755148741,0.06791418540417206,False
129,misclassified|global nervous system,0.0573105472121526,0.8501144164759725,0.06741509860487399,False
130,misclassified|immunologic,0.075,0.9187643020594966,0.08163138231631382,False
131,misclassified|motor,0.061420345489443376,0.8729977116704806,0.0701219512195122,False
132,misclassified|gastrointestinal,0.05267337215457915,0.8237986270022883,0.06393962119875303,False
133,misclassified|song references,0.028571428571428574,0.6052631578947368,0.04685071026534442,True
134,misclassified|cardiovascular,0.053257497414684586,0.8272311212814645,0.06431709084322072,False
135,misclassified|genitourinary,0.0527876631079478,0.8249427917620137,0.0639894834345997,False
136,misclassified|oncologic,0.06071757129714812,0.8695652173913043,0.06982520699172033,False
137,misclassified|written media references,0.0625,0.8872997711670481,0.0701219512195122,False
138,misclassified|chemical process,0.05694227769110765,0.8466819221967964,0.06725344689463254,False
139,misclassified|metabolic,0.04918032786885246,0.7866132723112128,0.062106724337071095,False
140,misclassified|hematologic,0.05,0.7980549199084668,0.062106724337071095,False
141,misclassified|musculoskeletal,0.03333333333333334,0.6361556064073226,0.05202380952380953,False
142,misclassified|place references,0.04430379746835443,0.7299771167048055,0.060584560682422406,False
143,misclassified|property of toxin,0.057426743011114854,0.851258581235698,0.06746098574155159,False
144,misclassified|somatic sensation,0.06349206349206349,0.8947368421052632,0.07096171802054155,False
145,misclassified|neurologic disorder,0.06189164370982553,0.8787185354691075,0.0701219512195122,False
146,misclassified|perception,0.0618292113859076,0.8775743707093822,0.0701219512195122,False
147,misclassified|endocrine,0.020833333333333336,0.5360411899313501,0.03857697740112995,True
148,misclassified|sense of self,0.06154558074965294,0.8752860411899314,0.0701219512195122,False
149,misclassified|use of substance,0.05466540999057493,0.8363844393592678,0.06535919060432625,False
150,misclassified|sexual activity,0.06235011990407674,0.8821510297482837,0.0701219512195122,False
151,misclassified|uninterpretable,0.06216613247863248,0.879862700228833,0.0701219512195122,False
152,misclassified|respiratory,0.055900621118012424,0.8432494279176201,0.0662919170381857,False
153,misclassified|activity references,0.025,0.5743707093821511,0.042843137254901964,True
155,misclassified|esp,0.059571827489916226,0.8615560640732265,0.06914445846771153,False
156,misclassified|infectious,0.0509031198686371,0.8123569794050344,0.06266102361294201,False
157,misclassified|cognitive ability,0.06144067796610169,0.8741418764302059,0.0701219512195122,False
158,misclassified|behavior,0.06094846772812874,0.8707093821510298,0.06999863442100462,False
159,misclassified|integumentary,0.06806282722513089,0.9073226544622426,0.07501502016994249,False
160,gastrointestinal|emotion,0.026683694044898502,0.5892448512585813,0.04524963193668226,True
161,gastrointestinal|global nervous system,0.03262558259968928,0.6281464530892449,0.05193945208037965,False
162,gastrointestinal|immunologic,0.043750000000000004,0.721395881006865,0.06050237341772152,False
163,gastrointestinal|motor,0.03838771593090211,0.6653318077803204,0.05764753217114853,False
164,gastrointestinal|misclassified,0.027531820697288326,0.5938215102974829,0.04632371814150095,True
165,gastrointestinal|song references,0.028571428571428574,0.6052631578947368,0.04685071026534442,True
166,gastrointestinal|cardiovascular,0.03826266804550155,0.6636155606407322,0.05764753217114853,False
167,gastrointestinal|genitourinary,0.03440094899169632,0.6430205949656751,0.05349898473085869,False
168,gastrointestinal|oncologic,0.045998160073597055,0.7528604118993135,0.060905067155067154,False
169,gastrointestinal|written media references,0.02022058823529412,0.5223112128146453,0.03857697740112995,True
170,gastrointestinal|chemical process,0.030421216848673948,0.6172768878718535,0.049237302825446354,True
171,gastrointestinal|metabolic,0.055327868852459015,0.8386727688787186,0.06597074676268647,False
172,gastrointestinal|hematologic,0.05,0.7980549199084668,0.062106724337071095,False
173,gastrointestinal|musculoskeletal,0.08333333333333334,0.9244851258581236,0.09014026402640264,False
174,gastrointestinal|place references,0.034810126582278486,0.6464530892448512,0.053837275651001146,False
175,gastrointestinal|property of toxin,0.03452340855506905,0.6453089244851259,0.053499040916897785,False
176,gastrointestinal|somatic sensation,0.037037037037037035,0.6561784897025171,0.056394373467544195,False
177,gastrointestinal|neurologic disorder,0.026813590449954086,0.5915331807780321,0.045328971089477504,True
178,gastrointestinal|perception,0.02671488567428838,0.5903890160183066,0.04524963193668226,True
179,gastrointestinal|endocrine,0.0625,0.8872997711670481,0.0701219512195122,False
180,gastrointestinal|sense of self,0.022211938917167977,0.545766590389016,0.0406854476549322,True
181,gastrointestinal|use of substance,0.04373232799245994,0.7185354691075515,0.06050237341772152,False
182,gastrointestinal|sexual activity,0.027977617905675458,0.5983981693363845,0.046754183651167014,True
183,gastrointestinal|uninterpretable,0.027310363247863248,0.5926773455377574,0.04607964764214764,True
184,gastrointestinal|respiratory,0.03881987577639751,0.669908466819222,0.057898586055582645,False
187,gastrointestinal|esp,0.02389078498293515,0.5549199084668193,0.042843137254901964,True
188,gastrointestinal|infectious,0.054187192118226604,0.8335240274599542,0.06496515515203377,False
189,gastrointestinal|cognitive ability,0.03370570107858243,0.6418764302059496,0.05251119918481469,False
190,gastrointestinal|behavior,0.025851737716144494,0.5846681922196796,0.0442160836867129,True
191,gastrointestinal|integumentary,0.03795811518324607,0.6624713958810069,0.05729774209008129,False
192,song references|emotion,0.00013442667025137788,0.003432494279176201,0.010164445374828461,True
193,song references|global nervous system,0.00034524426031417227,0.029748283752860413,0.010164445374828461,True
196,song references|misclassified,0.00013835085777531822,0.005720823798627002,0.010164445374828461,True
197,song references|gastrointestinal,0.00026469031233456857,0.017162471395881007,0.010164445374828461,True
199,song references|genitourinary,0.0005931198102016608,0.057208237986270026,0.010164445374828461,True
200,song references|oncologic,0.0009199632014719412,0.07551487414187644,0.011895364346571579,True
202,song references|chemical process,0.0007800312012480501,0.062356979405034325,0.011869839200347674,True
207,song references|property of toxin,0.0005052206130010104,0.04233409610983982,0.010164445374828461,True
209,song references|neurologic disorder,0.00018365472910927458,0.009725400457665904,0.010164445374828461,True
210,song references|perception,0.0005832944470368642,0.05377574370709382,0.010164445374828461,True
212,song references|sense of self,0.0004627487274409996,0.03775743707093822,0.010164445374828461,True
213,song references|use of substance,0.0005655042412818096,0.05148741418764302,0.010164445374828461,True
215,song references|uninterpretable,0.00020032051282051281,0.014874141876430207,0.010164445374828461,True
219,song references|esp,0.0003102699348433137,0.02116704805491991,0.010164445374828461,True
221,song references|cognitive ability,0.0001926040061633282,0.012585812356979404,0.010164445374828461,True
222,song references|behavior,0.0005136106831022084,0.04519450800915332,0.010164445374828461,True
224,cardiovascular|emotion,0.013845947035891919,0.45194508009153317,0.030636348631315286,True
225,cardiovascular|global nervous system,0.018643190056965304,0.5148741418764302,0.03620921802175039,True
226,cardiovascular|immunologic,0.03125,0.6195652173913043,0.050392066420664204,False
227,cardiovascular|motor,0.023032629558541264,0.5503432494279176,0.04185138926021843,True
228,cardiovascular|misclassified,0.014250138350857776,0.45423340961098396,0.03137184110491108,True
229,cardiovascular|gastrointestinal,0.019587083112758072,0.5194508009153318,0.03770729215980299,True
231,cardiovascular|genitourinary,0.02372479240806643,0.5537757437070938,0.0428418771996902,True
232,cardiovascular|oncologic,0.01655933762649494,0.4839816933638444,0.033563748079877116,True
233,cardiovascular|written media references,0.012867647058823529,0.44279176201373,0.02893745432701972,True
234,cardiovascular|chemical process,0.01638065522620905,0.4805491990846682,0.033563748079877116,True
235,cardiovascular|metabolic,0.012295081967213115,0.4330663615560641,0.02832042058660764,True
236,cardiovascular|hematologic,0.03333333333333334,0.6361556064073226,0.05202380952380953,False
237,cardiovascular|musculoskeletal,0.03333333333333334,0.6361556064073226,0.05202380952380953,False
238,cardiovascular|place references,0.03164556962025317,0.6218535469107551,0.0508169079597651,False
239,cardiovascular|property of toxin,0.01583024587403166,0.4754004576659039,0.03310982308595674,True
240,cardiovascular|somatic sensation,0.021164021164021163,0.5423340961098398,0.03902395463576898,True
241,cardiovascular|neurologic disorder,0.018549127640036734,0.5125858123569794,0.03618736061917881,True
242,cardiovascular|perception,0.01446570228651423,0.4588100686498856,0.03152873765190383,True
243,cardiovascular|endocrine,0.04166666666666667,0.6916475972540046,0.059690087472832734,False
244,cardiovascular|sense of self,0.011105969458583989,0.41189931350114417,0.026962825852228905,True
245,cardiovascular|use of substance,0.020546654099905748,0.528604118993135,0.03857697740112995,True
246,cardiovascular|sexual activity,0.02398081534772182,0.5572082379862701,0.042843137254901964,True
247,cardiovascular|uninterpretable,0.011818910256410258,0.42620137299771166,0.02769363958204441,True
248,cardiovascular|respiratory,0.023291925465838508,0.551487414187643,0.0422347362181387,True
251,cardiovascular|esp,0.013651877133105802,0.45080091533180777,0.03028360562013825,True
252,cardiovascular|infectious,0.03284072249589491,0.629862700228833,0.05202380952380953,False
253,cardiovascular|cognitive ability,0.014445300462249615,0.4576659038901602,0.03152873765190383,True
254,cardiovascular|behavior,0.015237116932032184,0.4668192219679634,0.03264029460440228,True
255,cardiovascular|integumentary,0.02225130890052356,0.5469107551487414,0.0406854476549322,True
256,genitourinary|emotion,0.012165613657749697,0.4302059496567506,0.028278580683173498,True
257,genitourinary|global nervous system,0.016744346625237355,0.4977116704805492,0.033586008818497784,True
258,genitourinary|immunologic,0.025,0.5743707093821511,0.042843137254901964,True
259,genitourinary|motor,0.011516314779270632,0.42219679633867274,0.027203403019141977,True
260,genitourinary|misclassified,0.012313226342003322,0.43478260869565216,0.02832042058660764,True
261,genitourinary|gastrointestinal,0.015352038115404977,0.4679633867276888,0.03280606677961846,True
262,genitourinary|song references,0.028571428571428574,0.6052631578947368,0.04685071026534442,True
263,genitourinary|cardiovascular,0.020682523267838676,0.5297482837528604,0.03857697740112995,True
264,genitourinary|oncologic,0.015639374425023,0.4702517162471396,0.03310982308595674,True
265,genitourinary|written media references,0.02022058823529412,0.5223112128146453,0.03857697740112995,True
266,genitourinary|chemical process,0.01482059282371295,0.4645308924485126,0.03190442888651507,True
267,genitourinary|metabolic,0.012295081967213115,0.4330663615560641,0.02832042058660764,True
268,genitourinary|hematologic,0.01666666666666667,0.49084668192219677,0.033563748079877116,True
269,genitourinary|musculoskeletal,0.01666666666666667,0.49084668192219677,0.033563748079877116,True
270,genitourinary|place references,0.0189873417721519,0.5183066361556065,0.036633414368346044,True
271,genitourinary|property of toxin,0.013472549680026945,0.4496567505720824,0.029961853486879263,True
272,genitourinary|somatic sensation,0.010582010582010581,0.3987414187643021,0.026284272266645866,True
273,genitourinary|neurologic disorder,0.014325068870523417,0.45537757437070936,0.031420765027322405,True
274,genitourinary|perception,0.012249183387774148,0.43135011441647597,0.02832042058660764,True
275,genitourinary|endocrine,0.04166666666666667,0.6916475972540046,0.059690087472832734,False
276,genitourinary|sense of self,0.018972697825080983,0.517162471395881,0.036633414368346044,True
277,genitourinary|use of substance,0.01413760603204524,0.45308924485125857,0.031202696141433183,True
278,genitourinary|sexual activity,0.030375699440447643,0.6155606407322655,0.049237302825446354,True
279,genitourinary|uninterpretable,0.011818910256410258,0.42620137299771166,0.02769363958204441,True
280,genitourinary|respiratory,0.018633540372670808,0.5137299771167048,0.03620921802175039,True
281,genitourinary|activity references,0.025,0.5743707093821511,0.042843137254901964,True
283,genitourinary|esp,0.01675457648153894,0.4988558352402746,0.033586008818497784,True
284,genitourinary|infectious,0.029556650246305417,0.6132723112128147,0.04819498566281891,True
285,genitourinary|cognitive ability,0.013289676425269646,0.448512585812357,0.029630554070626713,True
286,genitourinary|behavior,0.01746276322547509,0.5045766590389016,0.034608741630533395,True
287,genitourinary|integumentary,0.018324607329842934,0.5080091533180778,0.035978032236059374,True
288,oncologic|emotion,0.007057400188197338,0.32151029748283755,0.021916357861302277,True
289,oncologic|global nervous system,0.0060417745554980145,0.29691075514874143,0.020231481481481482,True
290,oncologic|immunologic,0.0375,0.6584668192219679,0.056901041666666666,False
291,oncologic|motor,0.007677543186180422,0.33123569794050345,0.023033135387750796,True
292,oncologic|misclassified,0.009131156613171003,0.3695652173913043,0.024664044113082106,True
293,oncologic|gastrointestinal,0.013234515616728428,0.4473684210526316,0.02958303490798119,True
294,oncologic|song references,0.028571428571428574,0.6052631578947368,0.04685071026534442,True
295,oncologic|cardiovascular,0.009307135470527403,0.37528604118993136,0.024750325662179766,True
296,oncologic|genitourinary,0.010083036773428233,0.38672768878718533,0.026038529285489245,True
297,oncologic|written media references,0.009191176470588236,0.37128146453089245,0.024664044113082106,True
298,oncologic|chemical process,0.0078003120124804995,0.33695652173913043,0.023033135387750796,True
299,oncologic|metabolic,0.006147540983606557,0.29919908466819223,0.020231481481481482,True
300,oncologic|hematologic,0.03333333333333334,0.6361556064073226,0.05202380952380953,False
301,oncologic|musculoskeletal,0.05,0.7980549199084668,0.062106724337071095,False
302,oncologic|place references,0.00949367088607595,0.37986270022883295,0.024917322385676816,True
303,oncologic|property of toxin,0.007578309195015157,0.32837528604118993,0.023033135387750796,True
304,oncologic|somatic sensation,0.010582010582010581,0.3987414187643021,0.026284272266645866,True
305,oncologic|neurologic disorder,0.00844811753902663,0.35812356979405036,0.02358995121121174,True
306,oncologic|perception,0.007816145590293979,0.33867276887871856,0.023033135387750796,True
307,oncologic|endocrine,0.020833333333333336,0.5360411899313501,0.03857697740112995,True
308,oncologic|sense of self,0.0064784821841739944,0.3112128146453089,0.020724037156254264,True
309,oncologic|use of substance,0.012064090480678606,0.4279176201372998,0.02819255369014198,True
310,oncologic|sexual activity,0.011191047162270184,0.41304347826086957,0.027047978529646036,True
311,oncologic|uninterpretable,0.008346688034188036,0.35583524027459956,0.023456608816335506,True
312,oncologic|respiratory,0.007763975155279503,0.3352402745995423,0.023033135387750796,True
313,oncologic|activity references,0.025,0.5743707093821511,0.042843137254901964,True
315,oncologic|esp,0.008067018305926156,0.34439359267734554,0.023423833884981596,True
316,oncologic|infectious,0.02627257799671593,0.585812356979405,0.044848111658456494,True
317,oncologic|cognitive ability,0.01059322033898305,0.40217391304347827,0.026284272266645866,True
318,oncologic|behavior,0.008902585173771614,0.36613272311212813,0.024315185755863722,True
319,oncologic|integumentary,0.007853403141361256,0.3403890160183066,0.023033135387750796,True
320,written media references|emotion,0.0036295200967872026,0.19679633867276888,0.01806282722513089,True
321,written media references|global nervous system,0.004833419644398412,0.2505720823798627,0.019198284894640077,True
322,written media references|immunologic,0.00625,0.30778032036613273,0.020231481481481482,True
323,written media references|motor,0.003838771593090211,0.20766590389016018,0.01806282722513089,True
324,written media references|misclassified,0.004703929164360819,0.2425629290617849,0.019198284894640077,True
325,written media references|gastrointestinal,0.0029115934356802545,0.16075514874141877,0.018047749381450654,True
327,written media references|cardiovascular,0.0036194415718717684,0.19336384439359267,0.01806282722513089,True
328,written media references|genitourinary,0.006524317912218268,0.3123569794050343,0.020724037156254264,True
329,written media references|oncologic,0.004599816007359706,0.2374141876430206,0.019198284894640077,True
330,written media references|chemical process,0.0078003120124804995,0.33695652173913043,0.023033135387750796,True
331,written media references|metabolic,0.0020491803278688526,0.13329519450800914,0.015190357425286558,True
335,written media references|property of toxin,0.004378578646008757,0.2288329519450801,0.01913438868305827,True
337,written media references|neurologic disorder,0.0049586776859504135,0.2574370709382151,0.019198284894640077,True
338,written media references|perception,0.0051329911339244045,0.2631578947368421,0.019198284894640077,True
340,written media references|sense of self,0.006941230911614993,0.32036613272311215,0.021666556488398228,True
341,written media references|use of substance,0.003581526861451461,0.19107551487414187,0.01806282722513089,True
342,written media references|sexual activity,0.004796163069544364,0.2482837528604119,0.019198284894640077,True
343,written media references|uninterpretable,0.004473824786324786,0.2311212814645309,0.019198284894640077,True
344,written media references|respiratory,0.004658385093167702,0.2414187643020595,0.019198284894640077,True
347,written media references|esp,0.00589512876202296,0.2911899313501144,0.020205264854933597,True
348,written media references|infectious,0.0032840722495894913,0.17848970251716248,0.01806282722513089,True
349,written media references|cognitive ability,0.004622496147919876,0.2391304347826087,0.019198284894640077,True
350,written media references|behavior,0.005820921075158363,0.28832951945080093,0.020188432617811145,True
351,written media references|integumentary,0.006544502617801047,0.3146453089244851,0.020724037156254264,True
352,chemical process|emotion,0.008670520231213872,0.36041189931350115,0.02405725295898706,True
353,chemical process|global nervous system,0.010184705679268082,0.3901601830663616,0.026103908397889453,True
354,chemical process|immunologic,0.01875,0.5160183066361556,0.036335920177383595,True
355,chemical process|motor,0.003838771593090211,0.20766590389016018,0.01806282722513089,True
356,chemical process|misclassified,0.01009961261759823,0.3878718535469107,0.026038529285489245,True
357,chemical process|gastrointestinal,0.010322922181048175,0.39359267734553777,0.026162729784501723,True
358,chemical process|song references,0.028571428571428574,0.6052631578947368,0.04685071026534442,True
359,chemical process|cardiovascular,0.010858324715615304,0.4073226544622426,0.026610644257703084,True
360,chemical process|genitourinary,0.011269276393831554,0.41533180778032036,0.02713318889313713,True
361,chemical process|oncologic,0.009199632014719412,0.37299771167048057,0.024664044113082106,True
362,chemical process|written media references,0.01838235294117647,0.5091533180778032,0.035978032236059374,True
363,chemical process|metabolic,0.00819672131147541,0.34553775743707094,0.023456608816335506,True
364,chemical process|hematologic,0.025,0.5743707093821511,0.042843137254901964,True
365,chemical process|musculoskeletal,0.01666666666666667,0.49084668192219677,0.033563748079877116,True
366,chemical process|place references,0.015822784810126583,0.4731121281464531,0.03310982308595674,True
367,chemical process|property of toxin,0.010946446615021893,0.4096109839816934,0.026724006540584173,True
368,chemical process|somatic sensation,0.015873015873015872,0.4782608695652174,0.03310982308595674,True
369,chemical process|neurologic disorder,0.011202938475665749,0.41418764302059496,0.027047978529646036,True
370,chemical process|perception,0.010615958936070927,0.40389016018306634,0.026284272266645866,True
372,chemical process|sense of self,0.014807959278111987,0.4633867276887872,0.03190442888651507,True
373,chemical process|use of substance,0.009613572101790764,0.38215102974828374,0.025156473104686012,True
374,chemical process|sexual activity,0.020783373301358914,0.5308924485125858,0.03857697740112995,True
375,chemical process|uninterpretable,0.009682158119658122,0.38329519450800914,0.025260317004719996,True
376,chemical process|respiratory,0.02018633540372671,0.5205949656750573,0.03857697740112995,True
379,chemical process|esp,0.012100527458889234,0.4290617848970252,0.02820229599751784,True
380,chemical process|infectious,0.008210180623973728,0.34668192219679633,0.023456608816335506,True
381,chemical process|cognitive ability,0.012711864406779662,0.4416475972540046,0.028782822516905244,True
382,chemical process|behavior,0.00992980653997603,0.38558352402745993,0.025752673341065433,True
383,chemical process|integumentary,0.006544502617801047,0.3146453089244851,0.020724037156254264,True
384,metabolic|emotion,0.003898373437289958,0.2116704805491991,0.01806282722513089,True
385,metabolic|global nervous system,0.0036250647332988087,0.1950800915331808,0.01806282722513089,True
387,metabolic|motor,0.005758157389635316,0.2866132723112128,0.020050316966299865,True
388,metabolic|misclassified,0.003320420586607637,0.18077803203661327,0.01806282722513089,True
389,metabolic|gastrointestinal,0.007146638433033352,0.32608695652173914,0.021916357861302277,True
391,metabolic|cardiovascular,0.0031023784901758012,0.16361556064073227,0.01806282722513089,True
392,metabolic|genitourinary,0.0035587188612099642,0.18878718535469108,0.01806282722513089,True
393,metabolic|oncologic,0.0027598896044158236,0.15446224256292906,0.01760458175689966,True
394,metabolic|written media references,0.0018382352941176473,0.11956521739130435,0.014791413984712152,True
395,metabolic|chemical process,0.0031201248049922002,0.16819221967963388,0.01806282722513089,True
399,metabolic|property of toxin,0.00370495116200741,0.2036613272311213,0.01806282722513089,True
400,metabolic|somatic sensation,0.005291005291005291,0.2723112128146453,0.019198284894640077,True
401,metabolic|neurologic disorder,0.004775022956841139,0.2448512585812357,0.019198284894640077,True
402,metabolic|perception,0.002799813345776948,0.15903890160183065,0.01760458175689966,True
404,metabolic|sense of self,0.005552984729291994,0.2814645308924485,0.019728896965045543,True
405,metabolic|use of substance,0.006032045240339303,0.29462242562929064,0.020231481481481482,True
406,metabolic|sexual activity,0.003996802557953637,0.21967963386727687,0.018143018466852665,True
407,metabolic|uninterpretable,0.004006410256410257,0.2208237986270023,0.018143018466852665,True
411,metabolic|esp,0.0021718895439031957,0.13787185354691076,0.015687863317118952,True
412,metabolic|infectious,0.0032840722495894913,0.17848970251716248,0.01806282722513089,True
413,metabolic|cognitive ability,0.00423728813559322,0.22654462242562928,0.018703989042972095,True
414,metabolic|behavior,0.003595274781715459,0.19221967963386727,0.01806282722513089,True
415,metabolic|integumentary,0.006544502617801047,0.3146453089244851,0.020724037156254264,True
416,hematologic|emotion,0.0005377066810055115,0.05034324942791762,0.010164445374828461,True
417,hematologic|global nervous system,0.0005178663904712584,0.04805491990846682,0.010164445374828461,True
418,hematologic|immunologic,0.025,0.5743707093821511,0.042843137254901964,True
420,hematologic|misclassified,0.0008301051466519093,0.06864988558352403,0.011895364346571579,True
421,hematologic|gastrointestinal,0.0015881418740074113,0.11098398169336385,0.014309649462705952,True
423,hematologic|cardiovascular,0.002068252326783868,0.13558352402745996,0.015190357425286558,True
424,hematologic|genitourinary,0.0011862396204033216,0.08924485125858124,0.013092792330080465,True
425,hematologic|oncologic,0.003679852805887765,0.20194508009153317,0.01806282722513089,True
427,hematologic|chemical process,0.00234009360374415,0.14302059496567507,0.016232077854542754,True
429,hematologic|musculoskeletal,0.01666666666666667,0.49084668192219677,0.033563748079877116,True
430,hematologic|place references,0.006329113924050634,0.3100686498855835,0.020411976271661452,True
431,hematologic|property of toxin,0.0006736274840013472,0.059496567505720827,0.011322123481099566,True
432,hematologic|somatic sensation,0.005291005291005291,0.2723112128146453,0.019198284894640077,True
433,hematologic|neurologic disorder,0.0009182736455463728,0.07265446224256293,0.011895364346571579,True
434,hematologic|perception,0.0005832944470368642,0.05377574370709382,0.010164445374828461,True
436,hematologic|sense of self,0.0004627487274409996,0.03775743707093822,0.010164445374828461,True
437,hematologic|use of substance,0.0015080113100848257,0.10354691075514874,0.014203068122724913,True
438,hematologic|sexual activity,0.004796163069544364,0.2482837528604119,0.019198284894640077,True
439,hematologic|uninterpretable,0.0008012820512820513,0.06750572082379863,0.011869839200347674,True
440,hematologic|respiratory,0.0015527950310559007,0.10640732265446225,0.014203068122724913,True
441,hematologic|activity references,0.025,0.5743707093821511,0.042843137254901964,True
443,hematologic|esp,0.0003102699348433137,0.02116704805491991,0.010164445374828461,True
444,hematologic|infectious,0.0049261083743842365,0.2551487414187643,0.019198284894640077,True
445,hematologic|cognitive ability,0.001155624036979969,0.08581235697940504,0.013092792330080465,True
446,hematologic|behavior,0.0010272213662044169,0.08123569794050343,0.012381181737048634,True
447,hematologic|integumentary,0.003926701570680628,0.21681922196796338,0.01806282722513089,True
448,musculoskeletal|emotion,0.0004032800107541336,0.03546910755148741,0.010164445374828461,True
449,musculoskeletal|global nervous system,0.0005178663904712584,0.04805491990846682,0.010164445374828461,True
452,musculoskeletal|misclassified,0.00027670171555063645,0.018306636155606407,0.010164445374828461,True
453,musculoskeletal|gastrointestinal,0.0013234515616728428,0.09725400457665904,0.01339035579212775,True
455,musculoskeletal|cardiovascular,0.001034126163391934,0.08295194508009153,0.012381181737048634,True
456,musculoskeletal|genitourinary,0.0005931198102016608,0.057208237986270026,0.010164445374828461,True
457,musculoskeletal|oncologic,0.0027598896044158236,0.15446224256292906,0.01760458175689966,True
459,musculoskeletal|chemical process,0.0007800312012480501,0.062356979405034325,0.011869839200347674,True
461,musculoskeletal|hematologic,0.008333333333333335,0.35183066361556065,0.023456608816335506,True
463,musculoskeletal|property of toxin,0.0005052206130010104,0.04233409610983982,0.010164445374828461,True
464,musculoskeletal|somatic sensation,0.005291005291005291,0.2723112128146453,0.019198284894640077,True
465,musculoskeletal|neurologic disorder,0.00036730945821854917,0.030892448512585814,0.010164445374828461,True
468,musculoskeletal|sense of self,0.0004627487274409996,0.03775743707093822,0.010164445374828461,True
469,musculoskeletal|use of substance,0.00037700282752120643,0.03260869565217391,0.010164445374828461,True
470,musculoskeletal|sexual activity,0.0007993605115907274,0.06578947368421052,0.011869839200347674,True
471,musculoskeletal|uninterpretable,0.00046741452991452993,0.04004576659038902,0.010164445374828461,True
472,musculoskeletal|respiratory,0.0015527950310559007,0.10640732265446225,0.014203068122724913,True
476,musculoskeletal|infectious,0.006568144499178983,0.3169336384439359,0.020724037156254264,True
477,musculoskeletal|cognitive ability,0.0001926040061633282,0.012585812356979404,0.010164445374828461,True
478,musculoskeletal|behavior,0.00017120356103406952,0.008009153318077803,0.010164445374828461,True
479,musculoskeletal|integumentary,0.002617801047120419,0.15102974828375287,0.0173330160241155,True
480,place references|emotion,0.0018147600483936013,0.11784897025171624,0.014791413984712152,True
481,place references|global nervous system,0.002934576212670464,0.16247139588100687,0.018062109928690038,True
482,place references|immunologic,0.00625,0.30778032036613273,0.020231481481481482,True
483,place references|motor,0.0019193857965451055,0.12814645308924486,0.01484551492195064,True
484,place references|misclassified,0.001936912008854455,0.13043478260869565,0.014849658734550821,True
485,place references|gastrointestinal,0.0029115934356802545,0.16075514874141877,0.018047749381450654,True
487,place references|cardiovascular,0.005170630816959669,0.2643020594965675,0.019198284894640077,True
488,place references|genitourinary,0.0035587188612099642,0.18878718535469108,0.01806282722513089,True
489,place references|oncologic,0.0027598896044158236,0.15446224256292906,0.01760458175689966,True
491,place references|chemical process,0.0039001560062402497,0.2139588100686499,0.01806282722513089,True
493,place references|hematologic,0.01666666666666667,0.49084668192219677,0.033563748079877116,True
495,place references|property of toxin,0.003536544291007073,0.18649885583524028,0.01806282722513089,True
497,place references|neurologic disorder,0.003489439853076217,0.18421052631578946,0.01806282722513089,True
498,place references|perception,0.002216518898740084,0.13958810068649885,0.015878996045072404,True
499,place references|endocrine,0.020833333333333336,0.5360411899313501,0.03857697740112995,True
500,place references|sense of self,0.002313743637204998,0.14073226544622425,0.016232077854542754,True
501,place references|use of substance,0.003770028275212064,0.2048054919908467,0.01806282722513089,True
502,place references|sexual activity,0.0031974420463629096,0.17448512585812356,0.01806282722513089,True
503,place references|uninterpretable,0.002403846153846154,0.14759725400457666,0.016286523553965416,True
504,place references|respiratory,0.0015527950310559007,0.10640732265446225,0.014203068122724913,True
507,place references|esp,0.002792429413589823,0.15789473684210525,0.01760458175689966,True
508,place references|infectious,0.0049261083743842365,0.2551487414187643,0.019198284894640077,True
509,place references|cognitive ability,0.003659476117103236,0.19794050343249428,0.01806282722513089,True
510,place references|behavior,0.001712035610340695,0.11670480549199085,0.01466979532782125,True
511,place references|integumentary,0.003926701570680628,0.21681922196796338,0.01806282722513089,True
512,property of toxin|emotion,0.04368866783169781,0.717391304347826,0.06050237341772152,False
513,property of toxin|global nervous system,0.05627481443121008,0.8443935926773455,0.06664524093885855,False
514,property of toxin|immunologic,0.0625,0.8872997711670481,0.0701219512195122,False
515,property of toxin|motor,0.06525911708253358,0.898741418764302,0.07256548133604879,False
516,property of toxin|misclassified,0.04717764250138352,0.7688787185354691,0.061357722263785684,False
517,property of toxin|gastrointestinal,0.05426151402858656,0.8352402745995423,0.06496515515203377,False
518,property of toxin|song references,0.08571428571428572,0.9307780320366132,0.09191936897458369,False
519,property of toxin|cardiovascular,0.048603929679420885,0.7848970251716247,0.061923957055122235,False
520,property of toxin|genitourinary,0.04744958481613286,0.7711670480549199,0.06152958031053431,False
521,property of toxin|oncologic,0.04139834406623735,0.6864988558352403,0.059690087472832734,False
522,property of toxin|written media references,0.04779411764705883,0.7745995423340961,0.06155428080443134,False
523,property of toxin|chemical process,0.05070202808112324,0.8100686498855835,0.06258979172726231,False
524,property of toxin|metabolic,0.045081967213114756,0.7408466819221968,0.06080499898805909,False
525,property of toxin|hematologic,0.03333333333333334,0.6361556064073226,0.05202380952380953,False
526,property of toxin|musculoskeletal,0.05,0.7980549199084668,0.062106724337071095,False
527,property of toxin|place references,0.06645569620253165,0.9016018306636155,0.0736620311841551,False
528,property of toxin|somatic sensation,0.0582010582010582,0.8564073226544623,0.06791418540417206,False
529,property of toxin|neurologic disorder,0.05013774104683196,0.8066361556064073,0.062156575425434235,False
530,property of toxin|perception,0.05377974801679888,0.8306636155606407,0.06467536085525744,False
531,property of toxin|endocrine,0.0625,0.8872997711670481,0.0701219512195122,False
532,property of toxin|sense of self,0.04349838037945396,0.7151029748283753,0.06050237341772152,False
533,property of toxin|use of substance,0.05560791705937795,0.8409610983981693,0.06612424423115146,False
534,property of toxin|sexual activity,0.03996802557953637,0.6739130434782609,0.05920718522041076,False
535,property of toxin|uninterpretable,0.04346955128205129,0.7139588100686499,0.06050237341772152,False
536,property of toxin|respiratory,0.046583850931677016,0.7620137299771167,0.06109383050588706,False
537,property of toxin|activity references,0.05,0.7980549199084668,0.062106724337071095,False
539,property of toxin|esp,0.051194539249146756,0.8135011441647597,0.06293112138362063,False
540,property of toxin|infectious,0.04433497536945813,0.7311212814645309,0.060584560682422406,False
541,property of toxin|cognitive ability,0.04795839753466872,0.7768878718535469,0.06155428080443134,False
542,property of toxin|behavior,0.04536894367402841,0.7448512585812357,0.060905067155067154,False
543,property of toxin|integumentary,0.04450261780104712,0.7339816933638444,0.060584560682422406,False
544,somatic sensation|emotion,0.0012770533673880898,0.09267734553775744,0.01339035579212775,True
545,somatic sensation|global nervous system,0.001553599171413775,0.10869565217391304,0.014203068122724913,True
547,somatic sensation|motor,0.003838771593090211,0.20766590389016018,0.01806282722513089,True
548,somatic sensation|misclassified,0.0016602102933038186,0.11384439359267734,0.014510237963475373,True
549,somatic sensation|gastrointestinal,0.00185283218634198,0.12414187643020595,0.014791413984712152,True
551,somatic sensation|cardiovascular,0.002068252326783868,0.13558352402745996,0.015190357425286558,True
552,somatic sensation|genitourinary,0.0011862396204033216,0.08924485125858124,0.013092792330080465,True
553,somatic sensation|oncologic,0.0018399264029438824,0.12128146453089245,0.014791413984712152,True
555,somatic sensation|chemical process,0.00234009360374415,0.14302059496567507,0.016232077854542754,True
556,somatic sensation|metabolic,0.0020491803278688526,0.13329519450800914,0.015190357425286558,True
557,somatic sensation|hematologic,0.008333333333333335,0.35183066361556065,0.023456608816335506,True
558,somatic sensation|musculoskeletal,0.01666666666666667,0.49084668192219677,0.033563748079877116,True
560,somatic sensation|property of toxin,0.001852475581003705,0.12242562929061784,0.014791413984712152,True
561,somatic sensation|neurologic disorder,0.00202020202020202,0.13157894736842105,0.015190357425286558,True
562,somatic sensation|perception,0.0011665888940737283,0.08695652173913043,0.013092792330080465,True
564,somatic sensation|sense of self,0.0013882461823229986,0.10183066361556065,0.013632889475846075,True
565,somatic sensation|use of substance,0.002639019792648445,0.15217391304347827,0.017342130065975493,True
566,somatic sensation|sexual activity,0.002398081534772182,0.14645308924485126,0.016286523553965416,True
567,somatic sensation|uninterpretable,0.0013354700854700855,0.09839816933638444,0.01339035579212775,True
568,somatic sensation|respiratory,0.0031055900621118015,0.16590389016018306,0.01806282722513089,True
571,somatic sensation|esp,0.001861619609059882,0.12585812356979406,0.014791413984712152,True
572,somatic sensation|infectious,0.0016420361247947456,0.11212814645308924,0.014510237963475373,True
573,somatic sensation|cognitive ability,0.0013482280431432975,0.10011441647597254,0.01339035579212775,True
574,somatic sensation|behavior,0.0008560178051703475,0.06979405034324943,0.011895364346571579,True
575,somatic sensation|integumentary,0.0013089005235602095,0.09496567505720824,0.01339035579212775,True
576,neurologic disorder|emotion,0.03952144105390509,0.6716247139588101,0.05884453063221985,False
577,neurologic disorder|global nervous system,0.04557224236147074,0.7471395881006865,0.060905067155067154,False
578,neurologic disorder|immunologic,0.0375,0.6584668192219679,0.056901041666666666,False
579,neurologic disorder|motor,0.06525911708253358,0.898741418764302,0.07256548133604879,False
580,neurologic disorder|misclassified,0.046624239070282236,0.7631578947368421,0.06109383050588706,False
581,neurologic disorder|gastrointestinal,0.03864478560084701,0.6670480549199085,0.057898586055582645,False
582,neurologic disorder|song references,0.028571428571428574,0.6052631578947368,0.04685071026534442,True
583,neurologic disorder|cardiovascular,0.05222337125129266,0.8215102974828375,0.06356995330589106,False
584,neurologic disorder|genitourinary,0.046263345195729534,0.7585812356979404,0.060905067155067154,False
585,neurologic disorder|oncologic,0.04231830726770929,0.7048054919908466,0.05998611437789614,False
586,neurologic disorder|written media references,0.049632352941176475,0.7894736842105263,0.062106724337071095,False
587,neurologic disorder|chemical process,0.04758190327613105,0.7723112128146453,0.06155428080443134,False
588,neurologic disorder|metabolic,0.05327868852459017,0.8283752860411899,0.06431709084322072,False
589,neurologic disorder|hematologic,0.04166666666666667,0.6916475972540046,0.059690087472832734,False
590,neurologic disorder|musculoskeletal,0.03333333333333334,0.6361556064073226,0.05202380952380953,False
591,neurologic disorder|place references,0.06012658227848102,0.8638443935926774,0.06951141919496351,False
592,neurologic disorder|property of toxin,0.04597507578309195,0.7517162471395881,0.060905067155067154,False
593,neurologic disorder|somatic sensation,0.0582010582010582,0.8564073226544623,0.06791418540417206,False
594,neurologic disorder|perception,0.047246850209986,0.7700228832951945,0.061357722263785684,False
595,neurologic disorder|endocrine,0.10416666666666667,0.9467963386727689,0.10995370370370372,False
596,neurologic disorder|sense of self,0.045812124016658955,0.7494279176201373,0.060905067155067154,False
597,neurologic disorder|use of substance,0.04278982092365693,0.7082379862700229,0.06041729157879831,False
598,neurologic disorder|sexual activity,0.040767386091127095,0.6807780320366132,0.059690087472832734,False
599,neurologic disorder|uninterpretable,0.041733440170940175,0.6967963386727689,0.059690087472832734,False
600,neurologic disorder|respiratory,0.03881987577639751,0.669908466819222,0.057898586055582645,False
601,neurologic disorder|activity references,0.025,0.5743707093821511,0.042843137254901964,True
603,neurologic disorder|esp,0.050263729444616816,0.8077803203661327,0.06222450359007804,False
604,neurologic disorder|infectious,0.041050903119868636,0.683066361556064,0.059690087472832734,False
605,neurologic disorder|cognitive ability,0.04314329738058552,0.7116704805491991,0.06050237341772152,False
606,neurologic disorder|behavior,0.04485533299092621,0.7379862700228833,0.060780714781503105,False
607,neurologic disorder|integumentary,0.04450261780104712,0.7339816933638444,0.060584560682422406,False
608,perception|emotion,0.07050678854684769,0.9118993135011442,0.0773186112797301,False
609,perception|global nervous system,0.0769894700500604,0.919908466819222,0.0836925333628766,False
610,perception|immunologic,0.03125,0.6195652173913043,0.050392066420664204,False
611,perception|motor,0.06717850287907869,0.9061784897025171,0.07413385292463986,False
612,perception|misclassified,0.07332595462091865,0.914187643020595,0.08020886650648673,False
613,perception|gastrointestinal,0.060614081524616205,0.868421052631579,0.06979803327077017,False
614,perception|song references,0.14285714285714285,1.0,0.14285714285714285,False
615,perception|cardiovascular,0.06411582213029988,0.8958810068649885,0.07156734168822747,False
616,perception|genitourinary,0.06227758007117438,0.8810068649885584,0.0701219512195122,False
617,perception|oncologic,0.061637534498620056,0.8764302059496567,0.0701219512195122,False
618,perception|written media references,0.08088235294117647,0.9221967963386728,0.08770617428112684,False
619,perception|chemical process,0.07098283931357255,0.9130434782608695,0.07774310972438898,False
620,perception|metabolic,0.04918032786885246,0.7866132723112128,0.062106724337071095,False
621,perception|hematologic,0.04166666666666667,0.6916475972540046,0.059690087472832734,False
623,perception|place references,0.06012658227848102,0.8638443935926774,0.06951141919496351,False
624,perception|property of toxin,0.07763556753115526,0.9210526315789473,0.08429004474811143,False
625,perception|somatic sensation,0.05291005291005291,0.8260869565217391,0.06404901141743247,False
626,perception|neurologic disorder,0.0743801652892562,0.9164759725400458,0.08115888197604235,False
627,perception|endocrine,0.020833333333333336,0.5360411899313501,0.03857697740112995,True
628,perception|sense of self,0.08653401203146692,0.9336384439359268,0.09268471386703687,False
629,perception|use of substance,0.06823751178133836,0.9084668192219679,0.07511282782983593,False
630,perception|sexual activity,0.058353317346123104,0.8581235697940504,0.06800106581401545,False
631,perception|uninterpretable,0.07017895299145299,0.9107551487414187,0.07705578506850493,False
632,perception|respiratory,0.06521739130434782,0.897025171624714,0.07256548133604879,False
633,perception|activity references,0.025,0.5743707093821511,0.042843137254901964,True
635,perception|esp,0.08439342227738132,0.9256292906178489,0.09117410515504484,False
636,perception|infectious,0.036124794745484405,0.6544622425629291,0.055197675887331064,False
637,perception|cognitive ability,0.06991525423728813,0.9096109839816934,0.07686280780300607,False
638,perception|behavior,0.0746447526108543,0.9176201372997712,0.08134602715945968,False
639,perception|integumentary,0.04712041884816754,0.7665903890160183,0.061357722263785684,False
640,endocrine|emotion,0.0002016400053770668,0.016018306636155607,0.010164445374828461,True
641,endocrine|global nervous system,0.0005178663904712584,0.04805491990846682,0.010164445374828461,True
643,endocrine|motor,0.0019193857965451055,0.12814645308924486,0.01484551492195064,True
644,endocrine|misclassified,0.00013835085777531822,0.005720823798627002,0.010164445374828461,True
645,endocrine|gastrointestinal,0.0007940709370037057,0.06407322654462243,0.011869839200347674,True
647,endocrine|cardiovascular,0.001034126163391934,0.08295194508009153,0.012381181737048634,True
648,endocrine|genitourinary,0.0011862396204033216,0.08924485125858124,0.013092792330080465,True
649,endocrine|oncologic,0.0009199632014719412,0.07551487414187644,0.011895364346571579,True
655,endocrine|place references,0.003164556962025317,0.17105263157894737,0.01806282722513089,True
656,endocrine|property of toxin,0.0005052206130010104,0.04233409610983982,0.010164445374828461,True
658,endocrine|neurologic disorder,0.0009182736455463728,0.07265446224256293,0.011895364346571579,True
659,endocrine|perception,0.00011665888940737284,0.0017162471395881006,0.010164445374828461,True
661,endocrine|use of substance,0.00037700282752120643,0.03260869565217391,0.010164445374828461,True
662,endocrine|sexual activity,0.0007993605115907274,0.06578947368421052,0.011869839200347674,True
663,endocrine|uninterpretable,0.0003338675213675214,0.02459954233409611,0.010164445374828461,True
668,endocrine|infectious,0.0032840722495894913,0.17848970251716248,0.01806282722513089,True
669,endocrine|cognitive ability,0.0001926040061633282,0.012585812356979404,0.010164445374828461,True
670,endocrine|behavior,0.0005136106831022084,0.04519450800915332,0.010164445374828461,True
671,endocrine|integumentary,0.0013089005235602095,0.09496567505720824,0.01339035579212775,True
672,sense of self|emotion,0.017139400457050678,0.5034324942791762,0.034045081816959755,True
673,sense of self|global nervous system,0.018125323666494043,0.505720823798627,0.03584057213691356,True
674,sense of self|immunologic,0.0125,0.4376430205949657,0.028524804177545694,True
675,sense of self|motor,0.011516314779270632,0.42219679633867274,0.027203403019141977,True
676,sense of self|misclassified,0.01840066408411732,0.511441647597254,0.035978032236059374,True
677,sense of self|gastrointestinal,0.01270513499205929,0.4405034324942792,0.028782822516905244,True
678,sense of self|song references,0.028571428571428574,0.6052631578947368,0.04685071026534442,True
679,sense of self|cardiovascular,0.012409513960703205,0.43592677345537756,0.028466969033214176,True
680,sense of self|genitourinary,0.024317912218268088,0.5583524027459954,0.042843137254901964,True
681,sense of self|oncologic,0.012879484820607176,0.44450800915331806,0.02893745432701972,True
682,sense of self|written media references,0.027573529411764705,0.5949656750572082,0.04632371814150095,True
683,sense of self|chemical process,0.024960998439937602,0.5640732265446224,0.042843137254901964,True
684,sense of self|metabolic,0.02459016393442623,0.5594965675057209,0.042843137254901964,True
685,sense of self|hematologic,0.008333333333333335,0.35183066361556065,0.023456608816335506,True
686,sense of self|musculoskeletal,0.01666666666666667,0.49084668192219677,0.033563748079877116,True
687,sense of self|place references,0.015822784810126583,0.4731121281464531,0.03310982308595674,True
688,sense of self|property of toxin,0.01583024587403166,0.4754004576659039,0.03310982308595674,True
689,sense of self|somatic sensation,0.015873015873015872,0.4782608695652174,0.03310982308595674,True
690,sense of self|neurologic disorder,0.01818181818181818,0.5068649885583524,0.03587112661604761,True
691,sense of self|perception,0.02181521231917872,0.5446224256292906,0.04005566295580294,True
693,sense of self|use of substance,0.014514608859566446,0.459954233409611,0.03155663717229123,True
694,sense of self|sexual activity,0.015187849720223821,0.465675057208238,0.03261469448519808,True
695,sense of self|uninterpretable,0.015691773504273504,0.47139588100686497,0.03310982308595674,True
696,sense of self|respiratory,0.017080745341614908,0.5017162471395881,0.03400585746827205,True
699,sense of self|esp,0.027614024201054917,0.5961098398169337,0.04632371814150095,True
700,sense of self|infectious,0.016420361247947456,0.48226544622425627,0.033563748079877116,True
701,sense of self|cognitive ability,0.02022342064714946,0.5240274599542334,0.03857697740112995,True
702,sense of self|behavior,0.02054442732408834,0.5274599542334096,0.03857697740112995,True
703,sense of self|integumentary,0.017015706806282723,0.5,0.03400585746827205,True
704,use of substance|emotion,0.037908321010888556,0.6613272311212814,0.05729774209008129,False
705,use of substance|global nervous system,0.047125841532884516,0.7677345537757437,0.061357722263785684,False
706,use of substance|immunologic,0.05,0.7980549199084668,0.062106724337071095,False
707,use of substance|motor,0.06333973128598848,0.8935926773455377,0.0708821064583277,False
708,use of substance|misclassified,0.040121748754842285,0.6773455377574371,0.0592337979927908,False
709,use of substance|gastrointestinal,0.06140815246161991,0.8718535469107551,0.0701219512195122,False
710,use of substance|song references,0.08571428571428572,0.9307780320366132,0.09191936897458369,False
711,use of substance|cardiovascular,0.05635987590486039,0.8455377574370709,0.0666556583773315,False
712,use of substance|genitourinary,0.04448398576512455,0.7322654462242563,0.060584560682422406,False
713,use of substance|oncologic,0.05887764489420424,0.8592677345537757,0.06845619360588169,False
714,use of substance|written media references,0.034926470588235295,0.6481693363844394,0.053837275651001146,False
715,use of substance|chemical process,0.03978159126365055,0.6727688787185355,0.05913114075583432,False
716,use of substance|metabolic,0.06557377049180328,0.9004576659038902,0.0728227133543025,False
717,use of substance|hematologic,0.06666666666666668,0.9038901601830663,0.0736620311841551,False
718,use of substance|musculoskeletal,0.03333333333333334,0.6361556064073226,0.05202380952380953,False
719,use of substance|place references,0.06329113924050633,0.8924485125858124,0.0708821064583277,False
720,use of substance|property of toxin,0.04968002694509936,0.7906178489702517,0.062106724337071095,False
721,use of substance|somatic sensation,0.07407407407407407,0.9153318077803204,0.08092592592592592,False
722,use of substance|neurologic disorder,0.04168962350780533,0.6956521739130435,0.059690087472832734,False
723,use of substance|perception,0.042230517965468964,0.7036613272311213,0.05998611437789614,False
724,use of substance|endocrine,0.04166666666666667,0.6916475972540046,0.059690087472832734,False
725,use of substance|sense of self,0.03563165201295697,0.6510297482837528,0.054665999499624716,False
726,use of substance|sexual activity,0.04796163069544364,0.778604118993135,0.06155428080443134,False
727,use of substance|uninterpretable,0.040331196581196584,0.6784897025171625,0.05940355940355941,False
728,use of substance|respiratory,0.04503105590062112,0.7391304347826086,0.06080499898805909,False
729,use of substance|activity references,0.125,0.9965675057208238,0.1252866972477064,False
731,use of substance|esp,0.03568104250698107,0.6521739130434783,0.054665999499624716,False
732,use of substance|infectious,0.054187192118226604,0.8335240274599542,0.06496515515203377,False
733,use of substance|cognitive ability,0.04429892141756549,0.7288329519450801,0.060584560682422406,False
734,use of substance|behavior,0.04006163328197226,0.6762013729977117,0.0592337979927908,False
735,use of substance|integumentary,0.041884816753926704,0.700228832951945,0.059690087472832734,False
736,sexual activity|emotion,0.009006586906842317,0.36727688787185353,0.024467719780219783,True
737,sexual activity|global nervous system,0.010357327809425167,0.39588100686498856,0.026162729784501723,True
738,sexual activity|immunologic,0.025,0.5743707093821511,0.042843137254901964,True
739,sexual activity|motor,0.011516314779270632,0.42219679633867274,0.027203403019141977,True
740,sexual activity|misclassified,0.01079136690647482,0.4061784897025172,0.026568041341574627,True
741,sexual activity|gastrointestinal,0.0092641609317099,0.37414187643020597,0.024750325662179766,True
743,sexual activity|cardiovascular,0.015511892450879005,0.4691075514874142,0.03306681463919085,True
744,sexual activity|genitourinary,0.022538552787663108,0.5480549199084668,0.04112462450191557,True
745,sexual activity|oncologic,0.012879484820607176,0.44450800915331806,0.02893745432701972,True
746,sexual activity|written media references,0.011029411764705881,0.4107551487414188,0.026851548418810416,True
747,sexual activity|chemical process,0.020280811232449302,0.5251716247139588,0.03857697740112995,True
748,sexual activity|metabolic,0.010245901639344262,0.39187643020594964,0.026107632748649807,True
749,sexual activity|hematologic,0.05,0.7980549199084668,0.062106724337071095,False
750,sexual activity|musculoskeletal,0.01666666666666667,0.49084668192219677,0.033563748079877116,True
751,sexual activity|place references,0.012658227848101267,0.43935926773455375,0.028782822516905244,True
752,sexual activity|property of toxin,0.00842034355001684,0.35697940503432496,0.023587757252290762,True
753,sexual activity|somatic sensation,0.015873015873015872,0.4782608695652174,0.03310982308595674,True
754,sexual activity|neurologic disorder,0.009366391184573003,0.37757437070938216,0.02480674513732365,True
755,sexual activity|perception,0.008516098926738217,0.35926773455377575,0.023704046057226758,True
756,sexual activity|endocrine,0.020833333333333336,0.5360411899313501,0.03857697740112995,True
757,sexual activity|sense of self,0.008792225821378992,0.36384439359267734,0.0240910719700102,True
758,sexual activity|use of substance,0.011310084825636191,0.41647597254004576,0.027156632246170414,True
759,sexual activity|uninterpretable,0.009014423076923078,0.3684210526315789,0.024467719780219783,True
760,sexual activity|respiratory,0.017080745341614908,0.5017162471395881,0.03400585746827205,True
763,sexual activity|esp,0.007136208501396214,0.324370709382151,0.021916357861302277,True
764,sexual activity|infectious,0.016420361247947456,0.48226544622425627,0.033563748079877116,True
765,sexual activity|cognitive ability,0.01059322033898305,0.40217391304347827,0.026284272266645866,True
766,sexual activity|behavior,0.00975860297894196,0.38443935926773454,0.02538398512974784,True
767,sexual activity|integumentary,0.013089005235602094,0.4462242562929062,0.029332796348503155,True
768,uninterpretable|emotion,0.11325446968678585,0.9725400457665904,0.11645224294853039,False
769,uninterpretable|global nervous system,0.11254962886242016,0.9691075514874142,0.11613739743300498,False
770,uninterpretable|immunologic,0.08125,0.9233409610983981,0.08799566294919456,False
771,uninterpretable|motor,0.09213051823416506,0.9359267734553776,0.09843774197635728,False
772,uninterpretable|misclassified,0.12880464858882126,0.9988558352402745,0.12895219114161488,False
773,uninterpretable|gastrointestinal,0.10825833774483855,0.9588100686498856,0.11290905392480774,False
774,uninterpretable|song references,0.08571428571428572,0.9307780320366132,0.09191936897458369,False
775,uninterpretable|cardiovascular,0.09152016546018614,0.9347826086956522,0.09790529328298982,False
776,uninterpretable|genitourinary,0.10498220640569395,0.948512585812357,0.1106526689074987,False
777,uninterpretable|oncologic,0.11499540018399265,0.9782608695652174,0.11755085352141471,False
778,uninterpretable|written media references,0.12316176470588235,0.994279176201373,0.12387040546943748,False
779,uninterpretable|chemical process,0.11310452418096725,0.9702517162471396,0.11645224294853039,False
780,uninterpretable|metabolic,0.12295081967213115,0.9931350114416476,0.12380071013069426,False
781,uninterpretable|hematologic,0.1,0.9422196796338673,0.10606796116504856,False
782,uninterpretable|musculoskeletal,0.11666666666666667,0.982837528604119,0.11870391928599147,False
783,uninterpretable|place references,0.11392405063291139,0.9759725400457666,0.1167287459005446,False
784,uninterpretable|property of toxin,0.10963287302121927,0.9645308924485125,0.11366444960918819,False
785,uninterpretable|somatic sensation,0.10582010582010581,0.9508009153318078,0.1112957550984025,False
786,uninterpretable|neurologic disorder,0.1147842056932966,0.977116704805492,0.1174723603933738,False
787,uninterpretable|perception,0.12260849276714884,0.9919908466819222,0.12359841139387323,False
788,uninterpretable|endocrine,0.10416666666666667,0.9467963386727689,0.10995370370370372,False
789,uninterpretable|sense of self,0.1087459509486349,0.9622425629290617,0.11301303344721392,False
790,uninterpretable|use of substance,0.11385485391140433,0.9748283752860412,0.1167287459005446,False
791,uninterpretable|sexual activity,0.10791366906474821,0.9565217391304348,0.11276268715173897,False
792,uninterpretable|respiratory,0.09782608695652174,0.9393592677345538,0.10414129110840438,False
793,uninterpretable|activity references,0.125,0.9965675057208238,0.1252866972477064,False
795,uninterpretable|esp,0.11014582686937636,0.965675057208238,0.11406096289553903,False
796,uninterpretable|infectious,0.11658456486042694,0.9816933638443935,0.11870391928599147,False
797,uninterpretable|cognitive ability,0.12076271186440678,0.9897025171624714,0.1220192025080827,False
798,uninterpretable|behavior,0.11881527135764422,0.9851258581235698,0.12050701761058916,False
799,uninterpretable|integumentary,0.11518324607329844,0.9794050343249427,0.11760532367764351,False
800,respiratory|emotion,0.004839360129049603,0.2517162471395881,0.019198284894640077,True
801,respiratory|global nervous system,0.00448817538408424,0.2322654462242563,0.019198284894640077,True
802,respiratory|immunologic,0.0125,0.4376430205949657,0.028524804177545694,True
803,respiratory|motor,0.003838771593090211,0.20766590389016018,0.01806282722513089,True
804,respiratory|misclassified,0.004980630879911456,0.2585812356979405,0.019198284894640077,True
805,respiratory|gastrointestinal,0.006617257808364214,0.3180778032036613,0.020803896850756558,True
807,respiratory|cardiovascular,0.007755946225439503,0.3340961098398169,0.023033135387750796,True
808,respiratory|genitourinary,0.0071174377224199285,0.32265446224256294,0.021916357861302277,True
809,respiratory|oncologic,0.004599816007359706,0.2374141876430206,0.019198284894640077,True
810,respiratory|written media references,0.005514705882352941,0.2780320366132723,0.019690967463342285,True
811,respiratory|chemical process,0.010140405616224651,0.3890160183066362,0.026066807378177483,True
813,respiratory|hematologic,0.008333333333333335,0.35183066361556065,0.023456608816335506,True
814,respiratory|musculoskeletal,0.01666666666666667,0.49084668192219677,0.033563748079877116,True
815,respiratory|place references,0.003164556962025317,0.17105263157894737,0.01806282722513089,True
816,respiratory|property of toxin,0.005052206130010104,0.2608695652173913,0.019198284894640077,True
817,respiratory|somatic sensation,0.010582010582010581,0.3987414187643021,0.026284272266645866,True
818,respiratory|neurologic disorder,0.004591368227731864,0.2351258581235698,0.019198284894640077,True
819,respiratory|perception,0.004899673355109659,0.2528604118993135,0.019198284894640077,True
821,respiratory|sense of self,0.005090236001850996,0.2620137299771167,0.019198284894640077,True
822,respiratory|use of substance,0.005466540999057493,0.2768878718535469,0.019690967463342285,True
823,respiratory|sexual activity,0.008792965627498001,0.36498855835240274,0.0240910719700102,True
824,respiratory|uninterpretable,0.00420673076923077,0.22540045766590389,0.01866336392034362,True
827,respiratory|esp,0.007136208501396214,0.324370709382151,0.021916357861302277,True
828,respiratory|infectious,0.011494252873563218,0.41876430205949655,0.027203403019141977,True
829,respiratory|cognitive ability,0.005200308166409861,0.267162471395881,0.019198284894640077,True
830,respiratory|behavior,0.00667693888032871,0.31922196796338675,0.02091628882224836,True
831,respiratory|integumentary,0.007853403141361256,0.3403890160183066,0.023033135387750796,True
832,activity references|emotion,0.0003360666756284447,0.02631578947368421,0.010164445374828461,True
835,activity references|motor,0.0019193857965451055,0.12814645308924486,0.01484551492195064,True
836,activity references|misclassified,0.00013835085777531822,0.005720823798627002,0.010164445374828461,True
840,activity references|genitourinary,0.0005931198102016608,0.057208237986270026,0.010164445374828461,True
841,activity references|oncologic,0.0009199632014719412,0.07551487414187644,0.011895364346571579,True
845,activity references|hematologic,0.008333333333333335,0.35183066361556065,0.023456608816335506,True
848,activity references|property of toxin,0.0003368137420006736,0.02745995423340961,0.010164445374828461,True
850,activity references|neurologic disorder,0.00018365472910927458,0.009725400457665904,0.010164445374828461,True
851,activity references|perception,0.00011665888940737284,0.0017162471395881006,0.010164445374828461,True
854,activity references|use of substance,0.000942507068803016,0.07894736842105263,0.01193842287150487,True
856,activity references|uninterpretable,0.0003338675213675214,0.02459954233409611,0.010164445374828461,True
859,activity references|esp,0.0003102699348433137,0.02116704805491991,0.010164445374828461,True
861,activity references|cognitive ability,0.0003852080123266564,0.034324942791762014,0.010164445374828461,True
862,activity references|behavior,0.00034240712206813905,0.028604118993135013,0.010164445374828461,True
863,activity references|integumentary,0.0013089005235602095,0.09496567505720824,0.01339035579212775,True
896,esp|emotion,0.024600080656002152,0.5606407322654462,0.042843137254901964,True
897,esp|global nervous system,0.0248575867426204,0.5617848970251716,0.042843137254901964,True
898,esp|immunologic,0.00625,0.30778032036613273,0.020231481481481482,True
899,esp|motor,0.02111324376199616,0.5411899313501144,0.039012632236754004,True
900,esp|misclassified,0.026563364692861097,0.5881006864988558,0.04516805591743307,True
901,esp|gastrointestinal,0.02038115404976178,0.5263157894736842,0.03857697740112995,True
902,esp|song references,0.028571428571428574,0.6052631578947368,0.04685071026534442,True
903,esp|cardiovascular,0.022750775594622543,0.5491990846681922,0.041425370561875216,True
904,esp|genitourinary,0.03202846975088968,0.6258581235697941,0.05117528804803945,False
905,esp|oncologic,0.023919043238270474,0.5560640732265446,0.042843137254901964,True
906,esp|written media references,0.034926470588235295,0.6481693363844394,0.053837275651001146,False
907,esp|chemical process,0.030421216848673948,0.6172768878718535,0.049237302825446354,True
908,esp|metabolic,0.014344262295081968,0.45652173913043476,0.031420765027322405,True
909,esp|hematologic,0.008333333333333335,0.35183066361556065,0.023456608816335506,True
911,esp|place references,0.028481012658227847,0.5995423340961098,0.04685071026534442,True
912,esp|property of toxin,0.027787133715055572,0.597254004576659,0.0465248177527942,True
913,esp|somatic sensation,0.031746031746031744,0.6247139588100686,0.0508169079597651,False
914,esp|neurologic disorder,0.02975206611570248,0.61441647597254,0.04842328824045432,True
915,esp|perception,0.03173121791880541,0.6235697940503433,0.0508169079597651,False
917,esp|sense of self,0.04118463674224896,0.6853546910755148,0.059690087472832734,False
918,esp|use of substance,0.021677662582469368,0.5434782608695652,0.03988689915174364,True
919,esp|sexual activity,0.01838529176658673,0.5102974828375286,0.035978032236059374,True
920,esp|uninterpretable,0.02370459401709402,0.5526315789473685,0.0428418771996902,True
921,esp|respiratory,0.03571428571428571,0.6533180778032036,0.054665999499624716,False
922,esp|activity references,0.025,0.5743707093821511,0.042843137254901964,True
924,esp|infectious,0.011494252873563218,0.41876430205949655,0.027203403019141977,True
925,esp|cognitive ability,0.0286979969183359,0.6109839816933639,0.046970129787688344,True
926,esp|behavior,0.02893340181475775,0.6121281464530892,0.047266903151585556,True
927,esp|integumentary,0.02486910994764398,0.562929061784897,0.042843137254901964,True
928,infectious|emotion,0.003495093426535825,0.1853546910755149,0.01806282722513089,True
929,infectious|global nervous system,0.0036250647332988087,0.1950800915331808,0.01806282722513089,True
930,infectious|immunologic,0.043750000000000004,0.721395881006865,0.06050237341772152,False
931,infectious|motor,0.005758157389635316,0.2866132723112128,0.020050316966299865,True
932,infectious|misclassified,0.004288876591034865,0.22768878718535468,0.018836573570675738,True
933,infectious|gastrointestinal,0.008734780307040764,0.36155606407322655,0.0240910719700102,True
935,infectious|cardiovascular,0.010341261633919338,0.39473684210526316,0.026162729784501723,True
936,infectious|genitourinary,0.010676156583629892,0.40503432494279173,0.02635864648048736,True
937,infectious|oncologic,0.01471941122355106,0.4610983981693364,0.03190442888651507,True
938,infectious|written media references,0.0036764705882352945,0.19965675057208238,0.01806282722513089,True
939,infectious|chemical process,0.0039001560062402497,0.2139588100686499,0.01806282722513089,True
940,infectious|metabolic,0.004098360655737705,0.2231121281464531,0.018369062631357715,True
941,infectious|hematologic,0.025,0.5743707093821511,0.042843137254901964,True
942,infectious|musculoskeletal,0.06666666666666668,0.9038901601830663,0.0736620311841551,False
943,infectious|place references,0.00949367088607595,0.37986270022883295,0.024917322385676816,True
944,infectious|property of toxin,0.004546985517009094,0.2334096109839817,0.019198284894640077,True
945,infectious|somatic sensation,0.005291005291005291,0.2723112128146453,0.019198284894640077,True
946,infectious|neurologic disorder,0.004591368227731864,0.2351258581235698,0.019198284894640077,True
947,infectious|perception,0.0025664955669622022,0.14874141876430205,0.017248592877949432,True
948,infectious|endocrine,0.04166666666666667,0.6916475972540046,0.059690087472832734,False
949,infectious|sense of self,0.004627487274409996,0.2402745995423341,0.019198284894640077,True
950,infectious|use of substance,0.006220546654099906,0.3026315789473684,0.020231481481481482,True
951,infectious|sexual activity,0.007993605115907274,0.3426773455377574,0.023288036237676526,True
952,infectious|uninterpretable,0.004740918803418804,0.2437070938215103,0.019198284894640077,True
953,infectious|respiratory,0.010869565217391306,0.408466819221968,0.026610644257703084,True
956,infectious|esp,0.0021718895439031957,0.13787185354691076,0.015687863317118952,True
957,infectious|cognitive ability,0.005007704160246534,0.2597254004576659,0.019198284894640077,True
958,infectious|behavior,0.00342407122068139,0.18306636155606407,0.01806282722513089,True
959,infectious|integumentary,0.011780104712041885,0.4244851258581236,0.02769363958204441,True
960,cognitive ability|emotion,0.03784110767576287,0.6601830663615561,0.05729774209008129,False
961,cognitive ability|global nervous system,0.04142931123770067,0.6876430205949656,0.059690087472832734,False
962,cognitive ability|immunologic,0.043750000000000004,0.721395881006865,0.06050237341772152,False
963,cognitive ability|motor,0.03838771593090211,0.6653318077803204,0.05764753217114853,False
964,cognitive ability|misclassified,0.04413392363032651,0.7276887871853547,0.060584560682422406,False
965,cognitive ability|gastrointestinal,0.0463208046585495,0.7597254004576659,0.060905067155067154,False
966,cognitive ability|song references,0.028571428571428574,0.6052631578947368,0.04685071026534442,True
967,cognitive ability|cardiovascular,0.038779731127197514,0.6681922196796338,0.057898586055582645,False
968,cognitive ability|genitourinary,0.04092526690391459,0.6819221967963387,0.059690087472832734,False
969,cognitive ability|oncologic,0.05059797608095676,0.8089244851258581,0.06254969037447837,False
970,cognitive ability|written media references,0.044117647058823525,0.7265446224256293,0.060584560682422406,False
971,cognitive ability|chemical process,0.0514820592823713,0.816933638443936,0.06299189596570182,False
972,cognitive ability|metabolic,0.045081967213114756,0.7408466819221968,0.06080499898805909,False
973,cognitive ability|hematologic,0.05,0.7980549199084668,0.062106724337071095,False
974,cognitive ability|musculoskeletal,0.01666666666666667,0.49084668192219677,0.033563748079877116,True
975,cognitive ability|place references,0.06012658227848102,0.8638443935926774,0.06951141919496351,False
976,cognitive ability|property of toxin,0.04193331087908386,0.7025171624713958,0.059690087472832734,False
977,cognitive ability|somatic sensation,0.037037037037037035,0.6561784897025171,0.056394373467544195,False
978,cognitive ability|neurologic disorder,0.0411386593204775,0.6842105263157895,0.059690087472832734,False
979,cognitive ability|perception,0.04234717685487634,0.7059496567505721,0.05998611437789614,False
980,cognitive ability|endocrine,0.020833333333333336,0.5360411899313501,0.03857697740112995,True
981,cognitive ability|sense of self,0.048588616381304954,0.7831807780320366,0.061923957055122235,False
982,cognitive ability|use of substance,0.043355325164938736,0.7128146453089245,0.06050237341772152,False
983,cognitive ability|sexual activity,0.04396482813749,0.7242562929061785,0.060584560682422406,False
984,cognitive ability|uninterpretable,0.04186698717948718,0.6990846681922197,0.059690087472832734,False
985,cognitive ability|respiratory,0.04192546583850932,0.7013729977116705,0.059690087472832734,False
986,cognitive ability|activity references,0.05,0.7980549199084668,0.062106724337071095,False
988,cognitive ability|esp,0.04623022029165374,0.7574370709382151,0.060905067155067154,False
989,cognitive ability|infectious,0.042692939244663386,0.7070938215102975,0.060378040290996436,False
990,cognitive ability|behavior,0.04177366889231296,0.6979405034324943,0.059690087472832734,False
991,cognitive ability|integumentary,0.03534031413612566,0.6498855835240275,0.054379286188334194,False
992,behavior|emotion,0.046982121252856564,0.7643020594965675,0.061357722263785684,False
993,behavior|global nervous system,0.051959261177282924,0.8192219679633868,0.06342273602029506,False
994,behavior|immunologic,0.043750000000000004,0.721395881006865,0.06050237341772152,False
995,behavior|motor,0.053742802303262956,0.8295194508009154,0.06467536085525744,False
996,behavior|misclassified,0.049252905368013286,0.7883295194508009,0.062106724337071095,False
997,behavior|gastrointestinal,0.039968237162519855,0.6750572082379863,0.05920718522041076,False
998,behavior|song references,0.08571428571428572,0.9307780320366132,0.09191936897458369,False
999,behavior|cardiovascular,0.046018614270941054,0.7540045766590389,0.060905067155067154,False
1000,behavior|genitourinary,0.060498220640569395,0.8661327231121282,0.06979803327077017,False
1001,behavior|oncologic,0.04783808647654095,0.7757437070938215,0.06155428080443134,False
1002,behavior|written media references,0.0625,0.8872997711670481,0.0701219512195122,False
1003,behavior|chemical process,0.0452418096723869,0.7437070938215103,0.06083283331333253,False
1004,behavior|metabolic,0.0430327868852459,0.709954233409611,0.06050237341772152,False
1005,behavior|hematologic,0.05,0.7980549199084668,0.062106724337071095,False
1006,behavior|musculoskeletal,0.01666666666666667,0.49084668192219677,0.033563748079877116,True
1007,behavior|place references,0.03164556962025317,0.6218535469107551,0.0508169079597651,False
1008,behavior|property of toxin,0.04462782081508925,0.7356979405034325,0.06063561012366473,False
1009,behavior|somatic sensation,0.026455026455026454,0.5869565217391305,0.04507152655300803,True
1010,behavior|neurologic disorder,0.048117539026629935,0.7803203661327232,0.06166382567342311,False
1011,behavior|perception,0.05086327578161456,0.8112128146453089,0.06266102361294201,False
1012,behavior|endocrine,0.0625,0.8872997711670481,0.0701219512195122,False
1013,behavior|sense of self,0.055529847292919945,0.8398169336384439,0.06612137129974392,False
1014,behavior|use of substance,0.04410933081998115,0.7254004576659039,0.060584560682422406,False
1015,behavior|sexual activity,0.04556354916067146,0.7459954233409611,0.060905067155067154,False
1016,behavior|uninterpretable,0.04634081196581197,0.7608695652173914,0.060905067155067154,False
1017,behavior|respiratory,0.06055900621118013,0.8672768878718535,0.06979803327077017,False
1018,behavior|activity references,0.05,0.7980549199084668,0.062106724337071095,False
1020,behavior|esp,0.05243561898852001,0.8226544622425629,0.06373954241441793,False
1021,behavior|infectious,0.03284072249589491,0.629862700228833,0.05202380952380953,False
1022,behavior|cognitive ability,0.04699537750385208,0.7654462242562929,0.061357722263785684,False
1023,behavior|integumentary,0.058900523560209424,0.8604118993135011,0.06845619360588169,False
1024,integumentary|emotion,0.005578706815432182,0.2826086956521739,0.01974003950076003,True
1025,integumentary|global nervous system,0.0060417745554980145,0.29691075514874143,0.020231481481481482,True
1027,integumentary|motor,0.007677543186180422,0.33123569794050345,0.023033135387750796,True
1028,integumentary|misclassified,0.007194244604316548,0.32723112128146453,0.02198520903556875,True
1029,integumentary|gastrointestinal,0.007676019057702489,0.3295194508009153,0.023033135387750796,True
1031,integumentary|cardiovascular,0.008790072388831437,0.36270022883295194,0.0240910719700102,True
1032,integumentary|genitourinary,0.00830367734282325,0.34782608695652173,0.023456608816335506,True
1033,integumentary|oncologic,0.005519779208831647,0.2797482837528604,0.019690967463342285,True
1034,integumentary|written media references,0.009191176470588236,0.37128146453089245,0.024664044113082106,True
1035,integumentary|chemical process,0.0039001560062402497,0.2139588100686499,0.01806282722513089,True
1036,integumentary|metabolic,0.010245901639344262,0.39187643020594964,0.026107632748649807,True
1037,integumentary|hematologic,0.025,0.5743707093821511,0.042843137254901964,True
1038,integumentary|musculoskeletal,0.03333333333333334,0.6361556064073226,0.05202380952380953,False
1039,integumentary|place references,0.00949367088607595,0.37986270022883295,0.024917322385676816,True
1040,integumentary|property of toxin,0.0057258336140114515,0.284324942791762,0.020050316966299865,True
1041,integumentary|somatic sensation,0.005291005291005291,0.2723112128146453,0.019198284894640077,True
1042,integumentary|neurologic disorder,0.006244260789715335,0.3049199084668192,0.020231481481481482,True
1043,integumentary|perception,0.004199720018665422,0.2242562929061785,0.01866336392034362,True
1044,integumentary|endocrine,0.020833333333333336,0.5360411899313501,0.03857697740112995,True
1045,integumentary|sense of self,0.006015733456732995,0.2929061784897025,0.020231481481481482,True
1046,integumentary|use of substance,0.006032045240339303,0.29462242562929064,0.020231481481481482,True
1047,integumentary|sexual activity,0.007993605115907274,0.3426773455377574,0.023288036237676526,True
1048,integumentary|uninterpretable,0.005876068376068377,0.2894736842105263,0.020205264854933597,True
1049,integumentary|respiratory,0.009316770186335404,0.37643020594965676,0.024750325662179766,True
1050,integumentary|activity references,0.025,0.5743707093821511,0.042843137254901964,True
1052,integumentary|esp,0.00589512876202296,0.2911899313501144,0.020205264854933597,True
1053,integumentary|infectious,0.014778325123152709,0.4622425629290618,0.03190442888651507,True
1054,integumentary|cognitive ability,0.005200308166409861,0.267162471395881,0.019198284894640077,True
1055,integumentary|behavior,0.007704160246533128,0.3329519450800915,0.023033135387750796,True
