,emotion,global nervous system,immunologic,motor,misclassified,gastrointestinal,song references,cardiovascular,genitourinary,oncologic,written media references,esp,metabolic,hematologic,musculoskeletal,place references,property of toxin,somatic sensation,neurologic disorder,perception,endocrine,sense of self,use of substance,sexual activity,uninterpretable,respiratory,activity references,renal,chemical process,infectious,cognitive ability,behavior,integumentary
nembutal,8,3,0,0,0,3,0,0,1,0,0,0,0,0,0,0,3,0,2,1,0,0,1,0,5,0,0,0,1,0,3,1,1
sleep,81,29,6,7,28,18,3,20,7,3,2,23,3,2,0,6,47,3,29,10,1,10,12,15,44,14,1,0,12,15,14,48,8
oxycodone,31,18,0,0,9,8,0,9,2,2,0,9,1,0,1,1,17,1,10,5,0,2,6,2,13,2,0,0,1,2,7,13,1
modafinil,19,15,0,1,4,6,0,4,2,1,0,2,0,0,0,1,9,0,8,2,0,2,7,1,14,1,0,0,4,3,8,5,1
meditation,63,27,1,3,14,10,0,8,2,1,1,21,1,0,2,2,19,2,14,7,0,6,8,7,27,6,1,0,7,4,10,35,5
stramonium,11,6,0,1,6,2,0,0,1,1,1,6,1,0,0,0,9,1,4,3,0,0,4,1,10,1,0,0,1,1,5,4,0
niacin,13,7,0,1,1,2,0,6,3,1,1,1,0,0,1,1,8,0,4,2,0,1,6,0,10,0,0,0,0,1,3,5,1
gold,44,19,1,4,16,8,0,6,3,1,1,15,1,1,0,2,15,2,10,6,1,9,7,11,29,7,1,0,8,4,8,29,4
tranylcypromine,10,7,0,0,2,4,0,4,3,2,0,1,1,0,0,0,7,1,2,2,0,2,2,1,7,1,0,0,3,1,4,0,0
mullein,12,3,0,0,1,2,0,0,1,0,0,1,0,0,0,0,7,0,1,2,0,3,3,1,7,1,0,0,0,2,3,3,0
freon,9,2,0,2,0,1,0,4,2,1,0,0,2,0,0,0,8,0,1,1,0,0,1,1,3,1,0,0,0,0,3,2,0
percoset,2,1,0,0,0,0,0,0,0,0,0,0,0,0,0,0,1,0,0,1,0,0,1,0,5,0,0,0,0,0,0,1,0
methcathinone,14,5,0,0,3,1,0,1,1,1,0,0,0,0,0,0,4,0,3,2,0,2,1,0,9,0,0,0,0,0,2,5,0
selegiline,10,10,0,1,3,4,0,5,3,1,0,0,0,0,0,0,7,0,6,1,0,1,3,1,6,1,0,0,3,1,5,0,1
doet,7,1,0,0,1,0,0,0,0,0,0,1,0,0,0,0,3,0,2,3,0,0,3,0,1,0,0,0,0,0,1,2,0
endogenous,30,20,0,3,9,5,0,5,3,2,0,7,0,0,1,2,15,1,13,7,0,5,9,4,20,6,0,0,6,2,7,12,1
benzodiazapines,9,7,1,1,3,3,0,1,1,0,1,0,0,0,0,0,7,0,6,2,0,0,3,1,7,0,0,0,3,1,4,3,1
fluoxetine,14,11,0,1,4,6,0,5,2,0,0,2,0,0,0,0,9,0,9,3,0,1,3,2,9,1,0,0,3,1,3,5,0
harmaline,27,18,1,4,7,7,1,7,4,2,1,7,2,0,0,1,17,1,11,6,1,4,6,4,12,1,0,0,3,4,7,12,3
pseudoephedrine,20,13,1,0,7,5,0,4,2,1,1,1,1,1,0,1,12,0,7,3,0,2,5,1,11,2,0,0,3,4,3,8,1
amanita,43,17,2,1,15,7,0,6,3,1,2,11,1,0,1,1,19,1,15,6,0,6,7,5,22,3,0,0,8,7,8,24,4
mirapex,5,6,0,0,2,3,0,1,2,0,0,0,0,0,0,0,5,0,1,0,0,1,2,1,4,1,0,0,2,1,3,0,0
monkshood,1,1,0,0,2,0,0,1,0,1,0,1,0,0,0,0,2,0,1,1,0,0,1,0,2,0,0,0,0,1,3,0,0
methlyone,2,0,0,0,1,0,0,0,0,0,0,0,0,0,0,0,0,0,0,0,0,0,0,0,1,0,0,0,0,0,0,0,0
breathwork,1,0,0,0,0,0,0,0,0,0,0,1,0,0,0,0,1,0,1,1,0,0,1,0,3,0,1,0,0,0,0,1,0
gum,43,18,2,5,12,8,0,6,2,2,1,10,1,1,0,1,24,1,14,7,0,4,7,5,20,3,0,0,4,8,8,19,3
clozapine,12,3,0,1,5,2,0,2,2,0,1,2,0,0,0,1,6,0,8,3,0,0,2,1,9,0,0,0,1,0,3,3,0
red,72,26,6,7,24,12,1,18,5,3,4,16,5,4,1,3,32,1,21,9,2,9,9,12,43,11,0,0,13,13,14,40,5
guiding,29,11,1,1,8,3,0,5,2,1,2,9,0,0,0,1,8,0,9,4,0,4,3,1,17,2,0,0,3,4,6,14,2
moclobemide,13,7,0,0,2,4,0,3,2,0,0,1,0,0,0,0,7,0,2,2,0,1,2,1,8,1,0,0,3,1,4,2,0
propane,9,3,0,0,5,1,0,0,1,1,0,1,0,0,0,0,2,0,0,2,0,1,1,0,9,0,0,0,0,0,2,6,0
poppy,48,21,2,1,12,11,1,10,3,3,0,11,1,1,0,3,21,3,14,5,0,3,10,4,23,0,1,0,4,5,7,25,4
dip,28,8,0,0,7,4,0,6,1,1,1,5,0,0,0,0,11,0,5,5,0,1,7,4,13,2,0,0,2,1,6,11,4
mdpr,0,0,0,0,0,1,0,0,0,1,0,0,0,0,0,0,1,0,1,2,0,0,1,0,0,0,0,0,0,0,0,1,0
wellbutrin,14,12,0,1,5,5,0,5,3,1,0,1,0,0,0,0,12,0,8,2,0,2,4,4,11,1,0,0,3,1,4,5,1
obtusifolia,5,3,1,1,2,0,0,1,0,1,1,3,0,0,0,0,2,1,2,3,0,2,1,0,6,0,0,0,1,0,2,1,0
remeron,9,7,0,0,3,4,0,2,2,0,0,1,0,0,0,0,7,0,1,1,0,3,3,2,8,1,0,0,2,1,4,3,0
phenibut,7,4,0,1,1,3,0,1,1,0,0,2,0,0,0,0,9,0,1,1,0,0,5,0,9,3,0,0,0,0,3,1,0
tea,70,32,6,6,23,16,2,16,6,1,5,21,3,3,3,3,34,3,24,7,2,9,11,12,38,9,0,0,12,13,12,43,6
acacia,18,12,1,1,6,5,0,4,2,1,2,5,1,0,0,0,13,1,9,5,0,2,3,0,13,0,0,0,3,3,2,8,2
lavender,30,13,0,1,6,5,1,6,1,1,0,5,1,0,0,1,8,0,8,4,0,5,8,4,14,3,0,0,2,1,4,11,1
pulse,48,21,1,4,13,9,0,17,3,1,1,12,2,2,1,1,22,1,15,6,0,6,7,7,27,4,0,0,5,6,9,26,4
carbogen,1,1,0,0,1,0,0,0,1,0,0,0,0,0,0,0,2,0,0,1,0,0,0,0,1,0,0,0,0,0,0,1,0
pma,12,4,0,2,4,1,0,2,1,2,0,2,1,0,0,0,7,1,5,2,0,2,4,0,9,1,0,0,1,1,2,1,1
etizolam,11,2,0,0,3,0,0,1,0,0,0,0,0,0,0,0,6,0,1,1,0,0,0,0,4,0,0,0,0,0,0,1,0
kratom,47,21,2,2,11,9,1,10,2,2,0,9,1,0,0,3,23,1,9,4,1,4,9,8,23,2,0,0,5,5,8,21,4
cactus,63,20,0,4,18,9,0,7,3,1,3,19,2,1,1,2,18,1,16,6,0,5,8,8,28,6,0,0,9,5,10,30,5
blue,72,28,4,8,28,13,2,18,5,2,6,19,2,3,1,5,38,3,21,9,2,9,9,12,41,10,2,0,12,13,14,43,7
drill,14,3,1,0,5,1,0,1,1,0,0,2,0,0,0,0,3,0,1,2,0,1,2,0,9,1,0,0,0,0,3,6,2
tarragon,11,4,0,0,4,1,0,0,0,0,0,0,0,0,0,0,11,0,1,3,0,1,5,0,12,1,0,0,0,0,2,6,1
bdb,3,1,0,0,0,0,0,0,0,0,0,1,1,0,0,0,5,0,0,0,0,0,2,0,3,0,0,0,0,0,1,0,0
unripe,12,8,2,0,3,5,0,3,2,1,0,3,1,0,0,1,9,0,6,3,0,1,4,2,6,0,0,0,1,5,2,1,2
barbiturate,24,12,0,1,9,12,1,13,1,2,0,3,1,1,2,2,13,1,12,3,0,3,5,1,15,3,0,0,3,2,3,5,3
caffeine,55,23,3,3,15,10,1,15,4,2,1,11,3,3,1,5,27,1,18,6,1,7,8,9,25,2,1,0,7,8,11,20,3
hoasca,1,2,0,0,2,1,0,1,1,0,0,2,0,0,0,0,4,0,5,2,0,1,3,1,5,0,0,0,0,0,2,1,0
alprazolam,23,10,0,2,9,6,0,3,2,1,1,2,1,0,0,0,12,0,11,2,0,3,5,3,15,1,0,0,3,3,7,4,2
bipolar,29,15,0,5,9,8,0,6,2,1,1,5,1,0,0,2,13,1,15,5,0,2,6,2,15,4,0,0,4,1,6,9,1
indian,53,21,5,1,20,13,0,9,5,2,2,11,1,1,2,2,21,1,19,5,1,10,8,13,22,5,0,0,7,8,6,29,5
cubensis,41,19,1,1,12,10,0,7,2,1,4,12,2,0,0,2,17,0,10,6,0,5,6,2,24,3,0,0,6,3,9,24,4
huperzine,0,1,0,0,0,0,0,0,0,0,0,0,0,0,0,0,0,0,0,0,0,0,0,0,0,0,0,0,0,0,2,0,0
catuaba,11,8,2,1,4,3,0,3,2,0,0,1,0,0,0,0,7,1,4,2,1,0,6,4,6,0,0,0,0,2,1,2,1
synthetic,59,24,3,5,23,10,2,14,6,4,4,14,2,2,0,3,25,1,18,7,0,10,8,9,29,5,0,0,12,11,11,35,3
hash,55,23,1,1,16,9,0,7,4,2,2,11,1,0,0,1,21,1,16,6,0,9,7,9,30,9,0,0,5,8,10,29,5
iboga,18,12,3,0,6,5,0,5,2,1,1,6,1,0,0,2,14,0,5,5,0,4,8,3,12,1,0,0,2,6,4,11,1
isobutane,5,0,0,0,3,2,0,0,0,1,0,0,0,0,0,0,0,0,0,1,0,1,0,0,4,0,0,0,0,0,2,1,0
met,68,24,2,6,22,11,1,12,4,2,6,20,1,2,0,3,33,1,20,9,0,7,10,11,39,6,1,0,11,12,12,37,4
damania,4,1,0,0,0,0,0,1,0,0,0,0,0,0,0,0,2,0,0,0,0,0,2,0,0,0,0,0,0,0,0,0,0
chamomile,24,12,0,0,4,7,0,3,1,1,0,4,2,0,0,1,9,0,6,3,0,2,10,4,15,1,0,0,2,3,7,11,2
changa,6,2,0,0,2,2,0,1,0,1,0,2,0,0,0,0,3,0,1,1,0,1,1,1,10,0,0,0,1,0,2,1,0
dill,11,9,0,1,3,5,0,4,1,0,0,0,1,0,0,0,11,0,4,2,0,2,4,0,8,0,0,0,1,2,2,3,2
clorazepate,0,1,0,0,2,0,0,0,0,0,0,0,0,0,0,0,1,0,2,0,0,0,0,0,2,0,0,0,0,0,0,0,0
chloroethane,1,0,0,0,0,0,0,0,0,0,0,0,0,0,0,0,0,0,0,0,0,0,0,0,0,0,0,0,0,0,0,0,0
kanna,15,13,0,0,3,3,0,1,0,1,0,2,1,0,0,0,12,0,4,3,0,3,5,0,10,0,0,0,3,0,3,5,0
mdma,74,24,3,7,21,14,2,18,8,3,3,17,5,1,0,6,33,1,22,9,0,7,9,13,34,10,2,0,13,8,13,39,3
zacatechichi,19,10,0,1,5,6,0,3,1,1,0,3,0,0,0,0,8,0,4,3,0,2,4,0,9,0,0,0,0,2,3,4,2
dmmda,6,8,0,0,2,4,0,3,1,0,0,0,0,0,0,0,9,0,3,3,0,0,1,0,4,0,0,0,0,2,1,0,2
base,65,23,4,3,23,12,1,10,4,2,3,19,3,1,1,2,30,1,18,6,0,9,8,11,32,7,2,0,11,8,13,36,5
cinnamon,14,6,2,0,5,6,0,3,3,1,0,4,0,0,0,1,9,0,5,4,1,3,5,5,12,1,0,0,0,5,4,9,2
bod,8,4,1,0,3,1,0,2,1,0,0,0,0,0,0,0,4,0,4,2,0,1,0,0,8,0,0,0,0,4,2,0,0
thorazine,26,13,0,1,8,5,0,5,2,1,0,3,0,0,0,1,11,0,10,4,0,3,7,1,12,0,0,0,3,0,4,11,2
massage,41,15,1,4,9,10,0,13,3,1,1,8,0,2,2,0,10,1,11,3,1,2,5,8,13,4,0,0,2,5,3,16,5
clonidine,17,9,0,1,4,6,0,3,1,1,0,1,0,0,0,1,3,0,7,1,1,0,3,2,13,0,0,0,1,0,4,3,1
nitrous,52,21,1,3,11,11,0,10,2,1,2,13,2,1,0,3,24,2,13,7,0,6,7,9,21,7,1,0,8,0,10,29,3
vasopressin,17,2,0,0,1,2,0,0,1,1,0,3,1,0,0,0,5,0,2,1,0,2,3,0,7,2,0,0,0,0,4,4,0
seroquel,30,12,0,2,6,6,0,6,2,0,0,5,1,0,0,0,13,0,13,3,0,2,4,6,15,1,0,0,2,1,5,12,1
cebil,11,5,0,1,1,2,0,2,1,0,1,1,0,0,0,0,8,0,0,3,0,1,2,2,11,1,0,0,2,5,2,5,0
cocaine,58,28,5,6,22,13,0,18,6,3,2,16,4,3,1,4,31,3,22,7,1,6,9,10,32,8,3,0,11,14,11,29,5
trazodone,14,10,0,0,4,4,0,3,3,0,0,2,1,0,0,0,9,0,7,3,0,2,4,2,9,2,0,0,4,1,5,6,1
sweating,59,24,3,4,18,15,0,8,4,1,1,13,1,2,1,1,23,1,15,7,0,9,8,10,31,5,0,0,7,7,10,31,4
albuterol,2,0,0,0,1,0,0,0,0,0,0,2,0,0,0,0,3,0,0,2,0,1,0,0,1,0,0,0,0,0,0,0,0
music,79,29,2,5,25,13,3,12,7,2,6,20,2,1,0,4,40,1,20,7,0,9,10,12,41,8,0,0,12,11,15,47,8
bz,3,3,0,0,1,1,0,0,0,0,0,0,0,0,0,0,5,0,1,2,0,0,2,0,4,0,0,0,1,0,2,2,0
spike,35,16,1,3,13,4,1,6,2,1,1,10,1,0,0,1,15,0,13,4,0,7,8,6,18,3,0,0,3,5,8,23,2
det,21,7,0,1,2,4,0,1,1,2,1,3,1,0,0,0,12,1,5,3,0,3,6,0,13,0,0,0,3,2,4,6,0
pregabalin,10,2,0,0,0,0,0,3,0,0,0,2,0,0,0,0,4,0,1,0,0,1,2,3,4,0,0,0,0,0,2,2,0
khat,15,11,0,0,4,5,0,4,2,1,0,2,0,0,0,1,10,0,5,2,0,3,4,0,9,0,0,0,2,2,4,4,2
aspirin,35,14,1,2,12,11,0,14,5,2,2,5,1,1,2,0,17,1,11,5,0,8,8,7,19,3,0,0,5,4,7,27,4
linden,7,0,0,0,2,0,0,0,1,0,0,0,0,0,0,0,2,0,0,1,0,0,1,0,1,0,0,0,0,0,0,1,0
diamond,36,10,0,0,8,6,1,4,1,1,1,12,0,0,0,0,12,0,7,8,0,4,3,3,20,2,0,0,4,0,7,16,3
chlorpromazine,18,9,0,2,7,5,0,13,3,1,0,3,0,1,1,0,11,1,13,2,0,5,6,5,8,2,0,0,4,2,7,7,2
infusion,29,18,2,4,9,9,1,16,3,1,0,5,1,2,1,2,20,1,12,6,2,2,7,5,15,5,0,0,4,7,6,14,4
chocolate,53,22,3,4,15,11,0,10,6,3,3,16,2,1,1,3,20,1,14,6,1,7,8,9,27,6,0,0,8,5,12,26,3
butabital,0,0,0,0,0,1,0,0,0,0,0,0,0,0,0,0,0,0,0,0,0,0,0,0,0,0,0,0,0,0,0,0,0
myrrh,13,6,2,0,5,4,0,3,1,2,0,4,1,0,0,1,7,1,6,3,0,2,4,0,8,1,0,0,1,3,3,1,0
mescaline,63,23,0,6,21,11,1,11,3,2,2,19,2,2,1,5,25,3,22,7,0,7,8,8,27,5,0,0,8,8,11,35,5
psilocybin,60,25,1,4,21,9,0,10,3,2,4,20,1,1,0,2,33,1,18,6,0,7,9,11,33,6,0,0,10,7,13,39,6
picamilon,9,3,0,0,1,1,0,0,0,0,0,1,0,0,0,0,5,0,1,0,0,0,1,0,3,0,0,0,0,0,1,1,0
benedryl,7,5,0,0,2,1,0,3,0,0,0,1,0,0,0,0,6,0,2,3,0,0,5,1,7,0,0,0,0,0,4,3,0
spearmint,5,3,0,0,2,0,0,5,0,1,0,0,1,0,0,0,5,0,0,2,0,1,4,0,6,0,0,0,0,0,1,3,0
lisdexamphetamine,4,4,0,0,1,1,0,1,1,1,0,0,0,0,0,0,1,0,2,0,0,0,1,0,2,0,0,0,0,0,0,2,0
cabrerana,6,2,0,0,2,3,0,1,1,0,0,2,0,0,0,0,5,0,5,3,0,2,3,3,9,0,0,0,1,0,1,3,0
geodon,2,2,0,0,1,1,0,0,0,0,0,0,1,0,0,0,2,0,4,1,0,1,2,0,4,0,0,0,0,0,2,0,0
opioids,30,17,0,1,7,10,0,8,3,3,1,5,1,1,2,1,16,2,13,4,0,5,7,2,19,2,0,0,4,4,8,14,1
duster,10,5,0,1,2,0,0,1,0,0,0,3,0,0,0,1,5,0,2,3,0,0,3,1,9,0,0,0,1,0,3,2,0
gasoline,30,5,1,1,10,4,0,1,2,1,1,7,0,1,0,0,11,0,7,3,0,7,6,6,18,4,1,0,3,2,9,17,1
dronabinol,2,1,0,0,1,0,0,0,0,0,0,0,0,0,0,0,1,0,1,1,0,1,1,0,3,0,0,0,0,0,3,1,0
oxide,37,15,3,4,11,11,0,11,3,1,1,10,1,2,0,3,20,2,15,7,1,6,7,7,17,8,1,0,8,8,9,24,3
phenergan,14,5,0,0,3,3,0,3,2,0,0,5,0,0,0,1,3,0,3,4,0,3,2,1,6,0,0,0,0,0,2,3,0
lobelia,10,5,0,0,4,1,0,3,1,1,0,0,0,0,0,0,8,0,3,2,0,3,6,0,5,1,0,0,2,0,3,7,0
aripiprazole,0,0,0,0,0,0,0,0,0,0,0,0,0,0,0,0,0,0,0,0,0,0,0,0,0,0,0,0,0,0,0,1,0
metoprolol,0,0,0,0,0,0,0,3,0,0,0,0,0,0,0,0,0,0,0,0,0,0,0,0,0,0,0,0,0,0,0,0,0
tianeptine,6,6,0,0,3,3,0,1,2,0,0,0,0,0,0,0,6,0,3,1,0,1,2,2,5,1,0,0,2,1,3,1,0
root,64,25,4,6,22,14,2,14,5,4,1,20,3,1,3,3,22,3,18,6,2,8,11,8,33,9,0,0,9,14,10,35,7
mirtazapine,5,7,0,0,2,3,0,1,2,0,0,0,0,0,0,0,7,0,1,1,0,1,2,2,5,1,0,0,3,1,3,2,0
capsaicin,4,0,0,0,2,1,0,2,0,0,0,0,0,0,0,0,1,0,2,2,0,0,1,0,5,1,0,0,0,1,0,1,0
inhalator,0,0,0,0,1,1,0,0,0,1,0,0,0,0,0,0,0,0,1,0,0,0,2,0,0,0,0,0,0,1,0,0,1
dimethylone,2,0,0,1,1,0,0,0,0,0,0,0,0,0,0,0,0,0,0,0,0,0,0,0,3,0,0,0,0,0,0,0,0
spp,20,10,1,2,8,5,0,5,2,2,1,4,1,0,0,1,14,0,6,2,0,4,6,1,11,1,0,0,1,4,5,6,3
dilaudid,10,8,0,0,3,2,0,0,1,1,1,2,1,0,0,0,7,1,7,3,0,1,3,1,14,1,0,0,1,2,3,6,1
dxo,9,7,0,0,3,2,0,2,1,0,1,4,0,0,0,0,10,0,4,3,0,1,3,1,8,1,0,0,0,0,2,6,1
xylazine,0,0,0,0,1,0,0,0,0,0,0,0,0,0,0,0,0,0,0,0,0,0,0,0,1,0,0,0,0,0,1,0,0
dxm,61,28,2,8,20,14,1,12,3,2,1,19,1,2,0,5,38,3,17,7,0,9,10,11,39,11,2,0,11,8,11,43,4
quetiapine,5,3,0,0,3,3,0,1,1,0,0,0,0,0,0,0,5,0,8,0,0,0,2,2,2,0,0,0,0,0,0,1,0
lexapro,10,10,0,1,3,3,0,1,2,0,0,1,0,0,0,0,7,0,2,1,0,1,5,2,10,1,0,0,2,1,3,0,0
datura,42,20,2,2,13,9,0,8,4,1,3,13,1,0,1,1,23,1,12,6,2,6,9,5,21,6,0,0,3,6,8,26,4
dilantin,4,0,0,0,0,0,0,3,0,0,0,1,0,0,0,0,0,0,1,1,0,0,1,3,2,0,0,0,0,0,0,2,0
belladonna,35,17,2,4,13,6,0,7,3,1,1,10,1,1,0,1,18,1,14,6,2,7,7,9,17,3,0,0,4,8,6,24,3
machine,58,19,0,4,20,5,1,7,4,2,4,17,1,2,1,3,19,0,14,6,0,9,9,7,29,6,1,0,8,1,12,31,5
citalopram,15,8,0,0,2,4,0,4,3,1,0,1,0,1,0,1,8,0,3,2,0,1,3,1,8,1,0,0,3,1,4,2,0
salvia,75,26,5,7,28,12,2,14,6,2,8,24,2,0,0,3,31,3,21,11,0,9,10,14,35,8,2,0,10,7,13,48,7
choline,16,8,3,1,4,8,0,5,1,1,1,2,1,0,0,1,12,0,8,2,0,2,6,1,13,2,0,0,2,1,4,3,0
animal,72,30,8,7,26,15,1,19,6,2,4,18,5,4,2,3,35,1,23,9,2,10,10,12,42,11,0,0,12,13,12,43,7
phalaris,24,14,0,2,6,4,0,0,1,1,1,4,1,0,0,0,10,1,8,5,1,1,5,1,14,2,0,0,7,1,5,7,0
fever,39,20,2,3,10,11,0,12,3,2,1,12,1,2,1,0,19,1,12,4,1,2,8,2,21,3,1,0,3,9,9,22,5
blotter,50,22,0,5,16,9,2,8,3,1,2,15,1,0,0,2,23,0,13,6,0,9,6,8,30,5,0,0,4,2,9,28,3
brugmansia,17,16,2,1,7,6,0,4,3,0,2,8,1,0,0,0,13,1,7,4,1,2,7,4,12,0,0,0,2,2,6,12,0
benzedrex,2,2,0,0,1,1,0,3,2,0,0,0,0,0,0,0,0,0,0,0,0,0,1,1,2,0,0,0,0,0,1,0,0
dexedrine,25,13,0,2,5,4,0,3,2,1,0,5,1,0,0,1,13,0,9,3,0,2,5,2,14,0,0,0,3,0,5,8,2
gravol,8,7,0,0,2,2,0,1,0,0,0,3,1,0,0,0,5,0,2,2,0,0,5,0,10,0,0,0,0,0,2,5,0
man,81,31,6,7,31,15,2,18,8,4,8,24,1,5,2,6,44,1,30,11,3,10,10,15,46,12,3,0,14,16,15,52,5
innoxia,0,0,0,0,0,0,0,0,0,0,0,0,0,0,0,0,0,0,0,0,0,0,0,0,0,0,0,0,0,0,0,0,0
ghv,4,0,0,0,0,0,0,0,0,0,0,1,0,0,0,0,1,0,2,0,0,0,0,0,3,0,0,0,0,0,0,0,0
morphine,52,24,4,2,17,13,1,16,5,3,2,7,2,2,2,1,27,2,16,6,0,7,9,8,29,5,0,0,6,11,9,25,3
selegeline,0,0,0,0,0,0,0,1,0,0,0,0,1,0,0,0,2,0,0,0,0,0,2,0,0,0,0,0,0,0,1,1,0
liquid,75,27,4,6,24,14,0,15,5,5,5,21,5,4,2,3,32,1,22,8,1,9,10,9,39,11,0,0,13,13,14,35,7
sr,12,7,0,1,4,3,0,3,1,1,0,1,0,1,0,1,8,1,4,3,0,0,3,2,10,0,0,0,1,0,2,3,0
h3,5,4,0,0,1,0,0,0,0,0,0,0,0,0,0,0,3,0,1,1,0,1,0,0,3,0,0,0,1,0,0,1,0
hypnotic,35,18,4,5,11,8,0,7,2,1,1,6,1,0,0,0,17,1,16,5,0,2,8,4,18,2,0,0,6,6,7,15,4
green,65,26,3,5,27,12,1,11,6,1,3,22,3,2,2,3,33,1,20,10,1,9,10,12,38,11,1,0,13,11,12,39,7
mdai,6,4,0,1,3,0,0,1,0,0,0,0,2,0,0,0,5,0,1,1,0,1,3,2,6,0,0,0,0,0,2,3,1
methadone,39,18,2,0,14,12,0,13,1,3,2,8,2,3,2,2,23,2,11,4,0,5,7,6,22,2,0,0,4,5,8,20,3
dream,78,31,4,5,28,15,2,16,7,2,7,25,1,2,0,5,43,1,24,7,2,10,11,15,39,9,3,0,11,13,14,45,6
wine,56,20,4,6,16,12,0,11,5,2,1,15,2,2,1,4,21,1,16,5,1,7,8,7,24,3,0,0,5,5,10,32,5
lsd,85,32,3,8,25,14,3,20,9,3,4,25,2,3,1,4,45,1,27,11,1,10,10,13,42,11,2,0,14,15,16,50,7
mexican,43,25,3,1,13,9,0,6,3,2,1,12,1,1,0,2,18,0,10,5,0,6,9,5,26,6,1,0,7,7,9,24,4
lsa,51,20,1,5,13,12,1,10,3,1,1,17,1,1,0,3,23,2,14,7,0,5,8,5,23,5,1,0,9,5,13,28,5
sertraline,10,8,0,1,3,5,0,3,2,1,0,2,0,0,0,0,6,0,6,4,0,1,3,1,11,1,0,0,3,1,3,5,0
tramadol,25,9,0,0,4,8,0,4,3,1,0,4,0,0,0,0,12,1,7,3,1,2,7,0,14,0,0,0,2,1,6,9,2
levamisole,5,0,2,0,3,3,0,1,0,2,0,0,0,1,0,0,2,0,0,0,0,0,2,2,8,0,1,0,0,1,2,4,1
paracetamol,12,5,0,0,2,5,0,1,2,0,0,0,0,1,0,0,7,0,3,1,0,1,5,0,9,0,0,0,1,1,6,3,1
lsz,4,0,0,0,1,1,0,0,0,0,0,0,0,0,0,0,0,0,0,1,0,0,0,0,3,0,0,0,0,0,0,1,0
ephedra,23,14,1,3,8,6,0,6,3,1,0,5,1,0,0,2,11,3,10,4,1,3,7,7,17,2,1,0,3,2,6,7,1
police,51,22,1,3,14,9,0,7,3,2,2,13,1,1,0,3,21,1,16,6,0,5,9,9,31,6,1,0,6,9,10,25,5
methylone,32,16,1,3,8,4,0,4,1,1,3,6,1,0,0,1,18,0,8,5,0,2,8,5,19,1,0,0,2,2,6,14,2
willow,24,8,0,1,7,4,0,0,4,1,1,5,1,0,1,0,6,0,8,3,0,4,6,6,16,1,0,0,3,1,4,16,1
vinpocetine,4,3,0,0,1,2,0,2,0,0,0,0,0,0,0,0,3,0,5,1,0,0,5,0,7,1,0,0,0,0,3,1,0
pcp,43,19,0,3,13,10,0,9,4,2,2,9,2,2,1,2,25,1,17,7,0,5,8,7,21,4,0,0,7,8,7,23,4
midazolam,6,7,0,0,3,2,0,10,0,0,1,0,0,1,1,0,3,1,7,1,0,1,2,1,10,1,0,0,1,1,2,3,2
pyridoxine,0,0,0,0,0,1,0,0,0,0,0,0,0,0,0,0,1,0,0,0,0,0,0,0,1,0,0,0,0,0,0,0,0
pharms,8,4,0,1,1,3,1,1,1,0,0,0,1,1,0,0,11,0,7,3,0,2,5,1,13,0,0,0,1,0,4,5,0
psychoactives,38,13,1,1,10,7,0,3,2,1,2,10,0,1,0,1,21,1,11,6,0,5,6,5,17,3,0,0,5,0,7,19,1
coffee,67,27,4,6,21,15,2,15,6,3,2,17,3,1,1,3,28,1,22,8,1,9,10,11,35,10,1,0,9,8,13,34,4
opiods,12,7,0,0,4,6,0,3,1,1,1,1,1,0,0,0,9,1,1,3,0,2,5,1,11,1,0,0,2,4,4,3,0
barbituates,11,6,0,0,2,3,0,1,1,0,0,4,1,0,0,0,7,0,4,3,1,1,4,0,10,0,0,0,1,0,4,2,1
sonata,13,4,0,1,7,6,0,0,3,0,1,3,0,0,0,0,4,0,7,2,0,4,1,5,11,1,0,0,1,1,4,10,1
silver,32,15,1,1,12,5,0,10,3,1,1,4,2,1,1,0,19,1,9,6,1,4,7,3,17,4,0,0,4,3,8,16,2
n02,0,0,0,0,1,0,0,0,0,0,0,0,0,0,0,0,3,0,0,0,0,0,0,0,2,1,0,0,0,0,0,1,0
ecstacy,36,14,0,0,6,4,0,7,2,1,1,8,2,1,0,3,16,1,10,5,0,6,6,4,16,1,0,0,4,0,7,14,1
ayahuasca,60,26,3,2,20,11,0,11,5,2,1,17,2,0,0,3,28,1,16,6,1,10,7,10,32,5,0,0,9,9,9,34,4
ethylone,5,2,0,0,1,1,0,0,0,0,0,0,0,0,0,0,3,0,0,1,0,0,2,0,4,0,0,0,0,1,2,3,0
alchohol,23,9,0,1,6,6,0,5,2,2,1,5,1,0,0,1,14,0,9,4,0,3,6,2,15,2,0,0,4,0,7,12,3
thyme,4,0,0,0,3,1,0,0,1,0,0,0,0,0,0,0,6,0,1,1,0,0,1,0,7,0,0,0,0,0,2,2,1
dextromethorphan,32,18,0,5,10,9,0,7,2,1,1,7,1,3,0,1,24,0,13,3,0,4,6,1,13,1,1,0,4,0,7,14,2
concerta,3,2,0,0,2,1,0,0,0,0,0,1,0,0,0,0,0,0,1,1,0,1,2,0,3,0,0,0,0,0,0,0,0
dlpa,7,3,0,0,3,2,0,0,1,1,0,0,0,0,0,0,0,0,0,0,0,1,0,0,5,0,0,0,0,0,1,3,0
lucidril,2,0,0,0,1,2,0,0,0,0,0,0,0,0,0,0,0,0,0,1,0,0,1,0,0,2,0,0,0,0,2,0,0
dimenhydrinate,12,12,0,0,3,7,0,3,1,1,0,4,1,0,1,0,10,0,2,3,0,1,6,2,9,1,0,0,2,2,3,7,1
atomoxetine,0,1,0,0,1,1,0,0,0,0,0,0,0,0,0,0,1,0,0,0,0,0,1,0,4,0,0,0,0,1,1,0,0
nicotine,43,23,1,2,14,10,0,11,3,3,3,7,1,2,0,2,22,1,11,6,1,7,7,9,22,4,1,0,4,7,11,25,2
naloxone,12,8,0,0,6,7,0,6,1,2,1,1,1,0,1,0,10,1,9,2,0,4,4,1,9,2,0,0,1,0,5,4,2
ultracet,5,2,0,0,1,1,0,1,2,1,0,0,0,0,0,0,0,0,2,0,0,0,1,0,5,0,0,0,0,0,0,2,0
celexa,15,8,0,0,2,4,0,4,2,1,0,2,0,0,0,0,6,0,3,3,0,1,3,2,9,1,0,0,3,2,3,2,0
mda,45,20,0,6,12,10,1,14,4,3,1,12,4,1,0,4,26,1,11,6,0,6,10,6,19,5,1,0,4,7,8,24,3
product,69,29,6,7,23,14,0,20,9,6,2,19,4,5,4,5,36,3,26,6,3,10,11,15,42,11,2,0,15,16,16,41,6
mde,13,4,1,2,3,2,0,3,2,0,1,4,1,1,0,1,13,0,2,2,0,0,3,2,7,1,0,0,3,0,3,6,0
phentermine,5,4,0,1,3,2,0,1,0,2,0,2,1,0,0,0,6,1,4,2,0,3,2,0,7,0,0,0,0,0,2,3,0
seroxat,7,7,0,0,2,4,0,2,2,0,0,0,0,0,0,0,5,0,2,1,0,1,2,1,5,1,0,0,2,1,3,2,0
xyrem,5,3,0,0,1,1,0,4,0,0,0,1,0,0,0,0,2,0,5,0,0,0,2,3,5,0,0,0,1,1,1,3,0
bodywork,5,0,0,0,1,1,0,1,0,1,0,1,0,0,0,0,0,0,3,1,0,0,1,1,6,0,0,0,1,0,1,0,0
extract,77,29,5,7,24,14,1,17,7,3,7,21,2,3,2,4,37,1,25,8,1,9,10,10,38,12,1,0,15,17,16,43,8
flower,64,24,5,5,23,9,1,11,6,2,7,20,2,0,1,3,22,1,19,7,2,9,9,11,29,8,0,0,11,11,11,39,5
alcohol,76,32,5,8,28,17,1,22,4,3,4,21,4,6,2,5,41,3,27,7,3,8,10,15,44,12,3,0,13,13,15,48,6
meclizine,9,7,0,0,1,3,0,3,2,0,0,2,0,0,0,0,4,0,3,2,0,0,3,0,7,0,0,0,2,1,4,4,0
venom,28,13,0,1,9,3,0,4,2,1,0,6,0,0,0,0,12,0,11,5,1,1,6,0,13,1,0,0,3,2,4,7,1
mate,53,25,2,4,18,10,1,13,4,1,4,15,1,0,1,2,25,1,17,6,1,6,8,8,30,6,1,0,9,6,8,26,5
hci,6,3,1,0,3,4,0,1,1,1,0,1,1,0,0,0,2,0,2,1,0,0,1,2,8,1,0,0,1,0,1,3,0
hcl,37,19,2,6,12,11,1,14,3,1,3,10,3,2,2,2,21,1,14,5,0,4,9,7,23,8,2,0,11,9,8,17,3
eszopiclone,6,7,0,0,2,3,0,2,2,0,0,0,0,0,0,0,7,0,1,0,0,1,2,2,5,1,0,0,2,1,3,1,0
mdea,7,4,0,1,4,0,0,1,1,1,0,0,1,0,0,0,11,1,3,2,0,2,3,0,7,0,0,0,0,0,3,2,0
chloroform,27,15,0,0,8,6,0,8,2,1,1,7,1,1,0,1,13,0,10,5,0,5,6,2,16,2,0,0,3,3,5,8,3
dmae,9,5,0,0,2,4,0,0,0,1,0,1,1,0,0,0,5,0,2,3,0,2,4,0,7,2,0,0,0,0,3,6,0
halothane,3,1,0,0,2,0,0,0,0,0,0,0,0,0,0,0,3,0,0,0,0,1,0,0,0,0,0,0,0,0,1,0,0
polistirex,4,5,0,0,2,2,0,0,0,1,0,2,1,1,0,0,3,0,1,1,0,0,2,1,6,0,0,0,3,0,1,3,0
thujone,28,14,1,4,5,8,0,7,1,1,0,4,0,0,0,0,16,1,8,5,0,3,6,0,11,3,1,0,4,8,5,10,3
methaqualone,4,1,0,0,4,0,0,1,0,1,0,0,1,0,0,0,5,1,2,2,0,1,1,0,5,0,0,0,0,0,1,3,0
heroin,60,27,3,6,21,12,0,18,4,3,3,16,2,3,2,4,27,2,19,6,0,10,9,10,36,8,1,0,8,12,9,35,5
california,49,22,3,4,16,10,1,9,3,1,1,12,1,2,0,3,21,0,17,5,0,5,10,7,27,3,2,0,8,7,10,23,4
mdpv,15,4,1,1,4,1,0,8,2,1,1,4,1,0,0,2,6,0,6,2,1,1,6,3,6,0,0,0,1,4,3,5,2
inhaler,14,8,2,1,3,4,0,4,3,1,0,2,1,1,0,1,9,2,2,3,0,1,7,3,12,2,0,0,0,1,5,5,0
loratadine,5,2,0,0,2,2,0,0,0,0,0,0,0,0,0,0,3,0,0,1,0,0,1,0,2,0,0,0,0,0,1,1,0
caffiene,20,10,1,2,5,9,0,3,1,1,0,5,1,0,0,1,11,0,9,5,0,4,4,2,11,3,0,0,3,0,4,10,0
sinica,11,11,0,0,4,5,0,5,1,0,0,1,0,0,0,0,10,0,4,3,0,0,1,1,8,0,0,0,2,2,2,0,2
deprivation,35,20,1,2,15,11,1,4,3,1,1,14,1,0,0,0,14,2,12,5,0,7,8,5,19,3,0,0,4,0,7,21,1
ritual,49,19,4,2,19,8,0,8,3,3,3,22,1,0,0,3,20,1,15,6,1,10,9,9,24,5,0,0,6,9,10,32,5
metaxalone,0,0,0,0,1,0,0,0,0,0,0,1,0,0,0,0,1,1,0,0,0,0,0,0,1,0,0,0,0,0,0,0,0
oxycontin,26,12,0,2,10,4,0,5,1,2,0,5,1,0,1,1,12,2,9,3,0,4,7,1,14,0,0,0,4,4,4,11,0
american,60,27,4,5,24,13,1,10,6,3,3,18,3,1,1,3,31,1,24,6,1,9,9,12,36,9,1,0,11,8,13,43,7
zyprexa,18,5,0,1,5,2,0,3,1,0,0,4,1,0,0,0,5,0,8,4,0,1,3,0,9,0,0,0,2,2,2,4,0
sleepdeprivation,0,1,0,0,0,0,0,1,0,1,0,0,0,0,0,0,0,0,0,1,0,0,0,0,0,0,0,0,0,0,1,1,0
bupropion,14,8,0,2,5,5,0,6,3,1,0,1,0,0,0,0,10,0,8,3,0,3,4,3,7,1,0,0,4,1,5,7,1
confusa,2,3,0,1,1,0,0,0,0,0,0,1,0,0,0,0,2,1,0,3,0,0,1,0,4,0,0,0,0,0,1,0,0
wasp,11,4,0,1,5,2,0,1,0,1,0,2,1,0,0,0,2,0,3,2,0,1,3,0,9,0,0,0,2,1,3,4,0
imovane,10,4,0,0,1,1,0,0,1,0,0,2,1,0,0,0,1,0,2,3,0,0,2,1,6,0,0,0,1,0,2,3,0
ethylphenidate,4,2,0,0,0,0,0,0,0,0,0,1,0,0,0,0,1,0,0,0,0,0,0,0,1,0,0,0,0,0,0,1,0
yarrow,14,9,0,0,2,4,0,3,1,1,0,0,1,0,0,0,8,1,4,2,0,1,5,0,10,0,0,0,0,2,2,3,2
xr,9,2,0,0,1,2,0,0,1,0,0,0,1,0,0,0,5,0,3,3,0,1,4,0,12,0,0,0,4,0,1,1,0
antibiotic,23,11,2,4,9,10,1,15,3,1,0,8,2,2,2,1,15,1,8,4,0,4,7,2,13,3,0,0,3,9,6,12,4
mojo,19,13,0,0,5,6,0,2,2,1,0,5,0,0,0,1,5,0,5,2,0,1,5,3,9,1,0,0,4,0,6,7,0
normison,3,1,0,0,0,0,0,0,0,0,0,0,0,0,0,0,0,0,0,0,0,1,1,0,4,0,0,0,0,0,1,0,0
unknown,62,21,2,5,23,8,2,13,7,2,6,21,3,2,0,5,29,1,21,8,0,9,8,10,36,6,3,0,12,9,10,40,5
paint,39,17,0,2,11,6,0,7,2,1,3,9,1,0,0,1,19,0,12,6,0,6,7,5,24,1,0,0,5,2,10,28,3
fenfluramine,6,5,0,2,2,3,0,5,3,1,0,0,2,0,0,0,3,0,4,1,0,0,2,0,4,0,0,0,0,0,2,1,0
racemic,19,6,0,1,5,4,0,6,3,0,0,2,2,1,0,1,10,1,5,3,0,1,5,2,12,0,0,0,2,0,4,5,0
periwinkle,6,8,0,0,2,4,0,3,1,0,0,0,0,0,0,0,9,0,3,3,0,0,2,0,5,0,0,0,0,2,1,1,2
white,76,30,8,7,30,12,0,20,8,6,5,26,3,4,2,5,41,1,28,8,2,10,10,13,44,12,0,0,14,11,13,53,8
iap,10,3,0,1,1,1,0,0,1,0,0,1,0,0,0,0,4,0,1,2,0,0,3,0,6,0,0,0,0,0,0,0,1
skullcap,17,11,0,0,4,5,1,3,1,1,1,1,1,0,0,0,11,0,6,3,0,2,6,1,11,1,0,0,1,3,4,5,2
pramipexole,5,6,0,0,2,3,0,1,2,0,0,0,0,0,0,0,5,0,1,0,0,1,2,1,4,1,0,0,2,1,3,0,0
oxymorphone,6,1,0,0,3,2,0,1,0,0,0,1,0,0,0,0,3,1,2,0,0,0,3,0,9,1,0,0,1,1,3,2,0
ritonavir,4,3,0,0,0,2,0,1,2,0,0,0,0,0,0,0,0,0,2,0,0,0,1,0,2,0,0,0,0,0,2,1,1
olmifon,5,6,0,0,2,3,0,1,2,0,0,0,0,0,0,0,5,0,1,0,0,1,2,1,4,1,0,0,2,1,3,0,0
fioricet,0,0,0,0,0,1,0,0,0,0,0,0,0,0,0,0,0,0,0,0,0,0,0,0,0,0,0,0,0,0,0,0,0
tfmpp,11,5,0,1,3,3,0,0,1,1,0,1,0,0,0,0,7,0,2,2,0,1,4,0,9,0,0,0,0,0,3,3,0
mmda,13,11,0,1,4,6,0,4,1,2,0,0,1,0,0,0,16,1,5,4,0,1,5,0,10,0,0,0,1,3,4,1,2
shower,55,23,0,6,19,9,1,7,5,1,2,14,1,0,0,1,17,0,14,7,0,8,9,10,31,7,0,0,6,7,8,32,3
mpdv,1,0,0,0,1,0,0,0,0,0,0,0,0,0,0,0,1,0,0,0,0,0,0,0,0,0,0,0,0,0,0,0,0
magnesium,26,12,3,3,7,10,0,7,2,1,1,4,2,0,1,1,14,0,10,3,0,2,7,2,13,1,0,0,4,5,4,8,4
gabob,0,0,0,0,0,0,0,0,0,0,0,0,0,0,0,0,0,0,0,0,0,0,0,0,1,0,0,0,0,0,0,0,0
mindfulness,18,9,0,0,6,3,0,0,1,1,0,8,1,0,1,0,4,1,3,2,0,3,3,0,10,1,0,0,3,0,3,6,0
sychronicity,1,0,0,0,1,0,0,0,0,0,0,1,0,0,0,0,0,0,0,0,0,0,1,0,2,0,0,0,0,0,1,0,0
cymbalta,9,9,0,0,2,4,0,2,2,0,0,0,0,0,0,1,7,0,2,2,0,1,4,2,8,1,0,0,2,2,3,3,0
ginger,41,18,0,1,8,10,1,11,2,1,1,8,1,0,1,2,15,0,10,6,0,5,6,2,14,5,0,0,4,6,6,16,4
calea,25,13,0,1,7,8,0,3,1,1,0,4,0,0,0,1,13,0,7,4,0,2,7,0,11,0,1,0,1,2,4,7,2
ultram,15,3,0,0,4,3,0,3,2,1,0,5,0,0,0,1,2,0,2,4,0,3,2,0,6,0,0,0,0,0,1,4,0
aropax,9,1,0,0,2,1,0,1,1,0,1,1,0,0,0,0,0,0,1,1,0,1,0,1,2,1,0,0,1,0,1,3,0
diazepam,33,15,0,3,10,11,0,15,2,1,1,8,1,1,1,2,15,1,16,4,0,6,7,2,19,3,0,0,7,5,7,11,3
breathing,63,23,4,7,18,15,2,12,3,3,2,19,1,3,0,4,28,3,21,8,0,7,9,13,32,11,1,0,8,8,13,36,5
hawaiian,42,19,1,1,12,7,0,7,2,1,2,14,1,0,0,2,19,0,11,5,1,6,6,6,21,0,0,0,6,4,9,17,3
advil,10,4,0,0,2,1,1,1,1,0,0,0,1,0,0,0,6,0,3,2,0,1,1,1,9,0,0,0,1,1,0,3,0
cyclizine,2,3,0,0,0,1,0,1,1,0,0,0,0,0,0,0,3,0,2,3,0,0,4,0,5,0,0,0,0,0,1,1,0
pharmahuasca,9,4,0,0,2,3,0,1,1,0,1,3,0,0,0,0,3,0,0,3,0,2,3,1,9,1,0,0,1,1,2,4,0
mephedrone,12,3,0,1,4,1,0,2,1,1,0,0,0,0,0,0,4,0,4,1,0,1,2,2,9,0,0,0,0,0,2,1,1
nootropil,1,0,0,0,0,0,0,0,0,0,0,0,0,0,0,0,1,0,0,1,0,0,0,0,2,0,0,0,0,0,0,0,0
mix,72,27,6,6,23,14,1,16,7,3,2,20,2,2,1,4,38,1,23,6,2,9,11,13,41,11,2,0,15,13,14,46,6
naproxen,9,3,0,0,0,2,1,1,3,1,0,0,0,0,1,0,6,0,1,3,0,1,2,0,6,0,0,0,0,1,1,2,0
anahuasca,0,0,0,0,1,0,0,0,1,0,0,1,0,0,0,0,1,0,0,1,0,0,1,0,1,0,0,0,0,0,1,1,0
effexor,11,9,0,2,3,5,0,4,2,0,0,1,0,0,0,0,10,0,5,4,0,2,4,1,11,1,0,0,3,1,4,5,1
butalbital,0,0,0,0,0,0,0,0,0,0,0,0,0,0,0,0,0,0,0,0,0,0,0,0,0,0,0,0,0,0,0,1,0
damiana,28,15,0,0,8,5,0,5,2,1,1,4,1,0,0,1,15,1,9,3,2,1,6,6,10,1,0,0,4,4,5,13,3
risperidone,2,5,0,1,2,2,0,4,0,0,0,0,0,0,0,0,5,0,6,2,0,0,2,1,4,0,0,0,0,0,1,0,1
pain,71,32,7,7,25,17,3,26,9,4,4,21,4,5,4,5,43,2,28,7,2,10,10,13,37,12,1,0,11,16,15,48,6
ghb,50,22,0,4,8,11,0,14,3,2,1,8,2,1,0,1,19,1,17,5,0,4,8,11,24,5,1,0,8,7,9,21,4
clonazepam,26,13,0,2,7,6,0,3,3,0,0,4,0,0,0,0,16,0,12,3,0,4,6,2,13,1,0,0,3,2,4,8,0
methylphenidate,17,11,1,1,2,5,0,5,3,2,1,8,1,0,0,1,12,1,7,2,0,2,5,2,11,1,0,0,2,3,6,4,0
coleus,17,13,0,0,6,5,0,4,2,1,0,2,0,0,0,0,12,0,6,4,1,1,5,4,12,1,0,0,2,3,1,7,2
mimosa,38,14,1,2,9,7,0,7,2,1,1,11,1,0,0,0,15,1,8,4,0,4,7,2,21,4,0,0,8,3,8,15,1
maca,21,10,0,0,7,3,0,3,2,0,0,4,2,0,0,1,10,0,6,1,1,0,3,6,11,0,0,0,1,3,3,11,1
lunesta,8,8,0,0,4,3,0,2,2,0,0,0,0,0,0,0,8,0,1,1,0,1,3,2,5,1,0,0,2,1,3,1,0
device,50,19,1,2,15,4,0,14,3,1,2,14,1,2,2,1,15,1,15,6,0,8,6,8,23,6,0,0,7,3,9,26,3
awa,0,0,0,0,0,0,0,0,0,0,0,0,0,0,0,0,1,0,0,0,0,0,0,0,1,0,0,0,0,0,0,0,0
nabilone,0,0,0,0,0,0,0,0,0,0,0,0,0,0,0,0,1,0,0,0,0,0,0,0,1,0,0,0,0,0,0,0,0
doi,27,16,0,2,4,3,0,6,2,2,1,5,1,1,0,4,15,0,10,5,0,2,7,2,18,2,0,0,6,1,8,12,1
don,45,25,1,5,17,9,0,8,3,1,2,14,2,0,0,1,19,2,15,7,0,6,6,8,26,4,1,0,6,2,10,27,4
demerol,11,6,0,0,4,2,0,4,1,1,1,3,1,0,0,0,10,1,5,3,0,4,4,0,10,0,0,0,2,1,2,3,0
bzp,19,10,0,1,5,2,0,2,2,0,0,2,1,1,0,1,12,0,5,5,0,2,5,1,14,0,0,0,0,1,6,11,0
dob,36,12,0,1,9,4,0,7,1,2,1,8,1,0,0,2,15,1,7,4,0,3,7,3,19,2,0,0,2,2,8,12,1
doc,51,22,0,6,17,10,0,16,3,2,1,10,1,1,1,3,23,1,20,7,1,6,8,7,26,6,0,0,8,8,9,28,4
nefazodone,8,7,0,0,2,4,0,2,2,0,0,0,0,0,0,0,5,0,1,0,0,1,2,1,5,1,0,0,2,1,3,2,1
aerosol,8,2,0,0,4,0,0,1,0,1,0,3,0,0,0,0,6,0,2,2,0,0,2,1,9,2,0,0,0,1,2,5,1
gaba,34,17,1,4,8,11,0,8,4,2,1,5,1,0,0,1,21,1,15,4,1,2,7,6,17,4,0,0,6,7,10,11,2
tincture,48,20,4,4,13,9,0,12,2,1,2,10,2,1,1,3,21,1,14,6,2,6,10,8,21,2,0,0,6,11,10,25,7
ginseng,19,12,0,2,5,4,0,7,2,1,0,4,0,0,0,1,13,1,9,5,2,3,7,5,14,1,0,0,2,1,3,11,2
sage,49,19,2,3,11,7,0,7,5,1,2,12,1,0,1,2,16,1,15,5,0,5,7,8,20,5,0,0,7,10,7,23,4
diphenhydrinate,5,4,0,0,2,1,0,1,0,0,0,1,0,0,0,0,2,0,3,2,0,1,3,0,7,0,0,0,0,0,1,1,0
vistaril,0,1,0,0,0,0,0,0,1,0,0,0,0,0,0,0,0,0,0,0,0,0,0,1,1,0,0,0,0,0,0,0,0
psilocybe,42,17,2,2,14,8,0,8,2,1,4,13,1,0,0,2,18,0,11,5,0,6,6,4,24,4,0,0,6,4,9,20,4
lyrica,8,2,0,0,0,0,0,0,0,0,0,2,0,0,0,0,4,0,1,0,0,1,2,0,4,0,0,0,0,0,2,1,0
cannibus,6,4,0,0,3,1,0,3,1,0,1,1,0,0,0,0,4,0,5,3,0,1,4,4,10,0,0,0,0,1,2,5,0
lactuca,4,2,0,1,2,2,0,1,1,0,0,1,0,0,0,0,1,0,1,2,0,2,1,0,3,0,0,0,0,1,2,1,0
sativa,31,13,0,2,9,4,0,7,2,2,1,5,1,0,0,1,14,1,11,5,0,3,7,4,20,2,0,0,6,2,7,14,1
pedicularis,9,5,0,0,3,3,0,1,0,1,0,1,0,0,0,0,3,0,1,1,0,1,2,0,4,1,0,0,2,0,2,1,0
pituri,1,2,0,1,1,0,0,0,0,0,0,1,0,0,0,0,2,1,0,3,0,0,1,0,5,0,0,0,0,0,1,0,0
rohypnol,10,6,0,0,2,1,0,1,1,0,0,0,0,0,0,0,4,0,4,3,0,1,4,0,7,0,0,0,0,1,2,3,0
haze,36,16,0,0,8,4,1,6,1,1,2,10,0,0,0,0,14,1,10,5,0,3,7,3,20,2,0,0,3,0,9,18,1
viagra,19,10,0,0,4,5,0,8,3,2,0,5,1,0,0,1,11,0,8,3,0,2,5,4,11,3,0,0,4,3,5,9,0
bufotenin,16,7,0,0,3,2,0,2,0,0,0,5,0,0,0,1,7,0,4,4,1,3,4,3,9,1,0,0,3,1,1,4,0
jah,29,16,0,1,8,7,0,7,2,1,1,10,1,1,0,2,15,0,7,4,0,3,7,3,14,3,0,0,2,3,8,15,1
methamphetimine,2,0,0,0,1,0,0,0,0,0,0,2,0,0,0,0,0,0,0,1,0,1,0,0,3,0,0,0,0,0,1,1,0
trazedone,2,2,0,0,0,2,0,0,0,0,0,1,0,0,0,0,2,0,2,1,0,0,1,0,3,0,0,0,0,0,0,0,1
levmetamfetamine,2,2,0,0,1,0,0,0,0,0,0,0,0,0,0,0,3,0,0,1,0,0,3,1,4,0,0,0,0,0,1,1,0
galangal,3,1,0,0,1,2,0,1,1,0,0,0,0,0,0,0,5,0,0,2,0,0,1,0,2,0,0,0,1,0,2,1,0
fluid,55,24,2,4,23,12,0,18,5,2,4,14,3,1,2,2,28,1,19,6,0,9,8,9,37,10,0,0,11,9,10,34,6
dopr,3,0,0,0,1,0,0,0,0,0,0,0,0,0,0,0,2,0,2,2,0,0,1,0,0,0,0,0,0,0,0,1,0
dpt,40,13,0,2,8,5,0,7,1,1,2,15,1,0,0,0,15,0,10,6,0,6,10,4,20,4,1,0,5,3,10,17,3
aet,9,1,0,1,2,1,0,1,1,0,0,2,0,0,0,0,5,0,3,2,0,3,3,0,8,0,0,0,1,0,2,0,0
tobacco,53,24,1,3,21,10,0,11,3,4,3,13,1,2,0,1,24,1,16,6,0,7,8,9,29,8,0,0,8,8,10,29,3
gbl,24,11,0,1,4,7,0,6,1,1,0,4,1,0,0,0,8,0,7,2,0,1,5,8,11,3,0,0,1,2,8,9,2
yohimbe,17,11,0,0,5,2,0,6,2,1,1,3,0,0,0,1,11,1,8,3,1,3,6,8,13,0,0,0,2,2,2,9,1
patch,47,19,2,2,18,8,0,7,4,2,1,11,0,0,2,2,18,2,15,5,1,7,9,9,25,5,0,0,7,8,8,26,4
lotus,48,21,0,3,11,9,0,8,3,1,2,15,1,0,0,3,18,1,14,6,1,5,9,11,23,2,1,0,4,4,8,26,4
nutmeg,33,17,1,1,6,6,2,5,2,2,1,6,0,1,0,1,17,0,10,5,0,5,6,2,13,1,0,0,3,4,5,14,2
benzylpiperazine,3,2,0,0,1,0,0,0,1,0,0,0,0,0,0,0,3,0,2,3,0,1,2,0,7,0,1,0,0,1,0,3,0
propoxyphene,5,5,0,0,4,3,0,11,1,2,0,0,1,1,1,0,8,1,3,3,0,2,3,1,11,1,0,0,2,1,2,6,2
gabapentin,8,4,0,0,2,3,0,3,1,0,0,2,1,0,0,0,5,0,3,1,0,0,3,3,8,0,0,0,0,0,1,2,0
deprenyl,8,7,0,0,3,4,0,2,2,0,0,3,0,0,0,1,6,0,2,1,0,1,2,2,6,3,0,0,2,1,6,1,0
unisom,4,3,0,0,1,2,0,1,0,0,0,0,0,0,0,0,2,0,0,1,0,0,1,0,3,0,0,0,1,0,1,2,0
testing,48,24,3,4,21,9,0,20,6,3,2,14,2,4,2,5,29,1,19,7,2,6,9,5,32,9,1,0,10,10,11,25,5
powder,64,28,6,5,26,15,1,14,6,2,5,19,2,3,2,7,34,2,20,6,2,9,9,12,40,11,3,0,12,17,14,41,6
explosion,37,14,1,3,17,7,0,3,2,2,1,7,1,0,1,0,18,1,14,5,0,8,8,7,21,2,0,0,6,4,7,22,2
bark,48,23,3,4,19,11,0,9,5,1,1,12,1,0,1,3,21,1,13,6,1,9,8,10,27,7,0,0,7,12,7,25,6
pmma,1,0,0,0,2,0,0,0,0,0,0,0,0,0,0,0,0,0,0,1,0,1,0,1,1,0,0,0,0,0,0,2,1
snuff,24,15,2,1,7,6,0,7,1,1,1,4,1,0,0,0,16,0,9,6,0,3,6,5,14,1,0,0,5,7,4,11,3
nbomes,5,4,0,0,1,2,0,1,0,0,0,0,0,0,0,0,3,0,0,3,0,0,3,0,4,0,0,0,0,0,2,2,0
redrock,1,0,0,0,1,0,0,0,0,0,0,0,0,0,0,0,0,0,0,0,0,0,1,0,0,0,0,0,0,0,0,1,0
didgeridoo,21,4,0,0,5,4,0,1,1,1,1,6,1,0,0,1,4,0,3,6,0,3,1,0,11,0,0,0,1,0,2,8,1
skelaxin,1,0,0,0,1,0,0,0,0,0,0,1,0,0,0,0,3,1,0,2,0,0,0,0,1,0,0,0,0,0,0,0,0
inoxia,5,4,0,1,5,1,0,0,0,0,1,4,0,0,0,0,7,1,2,3,0,0,3,1,7,0,0,0,1,1,4,2,0
trytophan,1,1,0,0,0,0,0,0,0,0,0,0,0,0,0,0,0,0,0,0,0,0,1,0,3,0,0,0,1,0,1,1,0
naphyrone,0,0,0,0,1,0,0,0,0,0,0,0,1,0,0,0,1,0,2,0,0,1,1,0,1,0,0,0,0,1,1,0,1
psychedelics,76,30,2,7,25,11,2,19,5,2,4,22,2,2,1,3,45,1,23,10,1,9,11,12,41,8,3,0,13,10,13,43,4
dipt,29,10,0,1,6,4,0,1,1,1,1,5,1,0,0,1,14,0,8,4,0,5,5,4,16,2,0,0,5,1,8,12,1
adrenochrome,11,10,0,0,3,5,0,4,1,0,0,2,0,1,0,1,9,0,5,4,0,0,3,1,6,0,0,0,1,2,3,0,2
screen,57,25,0,3,22,8,1,9,4,2,2,18,2,2,0,3,23,0,17,7,0,10,8,8,34,9,1,0,10,6,11,33,5
vitamin,46,22,3,5,14,12,0,13,4,1,2,11,3,0,2,3,24,3,15,5,1,6,9,9,24,6,0,0,8,8,11,25,5
diphenydramine,6,5,0,0,1,1,0,3,1,0,0,3,0,0,0,0,5,0,3,2,0,0,1,0,6,0,0,0,2,0,2,5,0
lecithin,12,12,0,1,2,4,0,0,0,1,0,5,1,0,0,0,10,0,6,3,0,2,5,0,9,2,0,0,0,0,6,6,1
butane,30,15,0,0,8,6,0,5,2,1,1,3,1,0,0,0,14,0,8,4,0,4,6,2,19,5,0,0,2,3,7,14,3
venlafaxine,8,7,0,1,2,4,0,2,3,0,0,1,0,0,0,0,8,0,6,3,0,1,2,1,7,1,0,0,3,1,6,5,0
sassafras,24,13,0,0,6,6,1,5,2,1,0,6,1,0,0,1,12,0,8,4,1,5,7,5,9,0,0,0,1,5,3,12,2
hyoscyamine,13,9,0,1,3,5,0,3,1,0,0,4,0,0,0,0,13,1,5,4,1,0,5,1,9,1,0,0,2,2,3,2,3
topamax,0,0,0,0,0,0,0,0,0,0,0,0,0,0,0,0,0,0,1,0,0,0,0,0,0,0,0,0,0,0,0,0,0
pennyroyal,0,0,0,0,0,1,1,0,0,1,0,0,0,0,0,0,1,0,2,1,0,0,1,0,0,0,0,0,0,0,1,1,0
dimethocaine,2,3,0,0,0,0,0,1,0,1,0,0,0,0,0,0,0,0,1,0,0,0,1,1,0,0,0,0,0,0,0,0,0
drug,91,37,8,8,37,20,3,28,11,4,10,26,8,6,4,7,68,3,41,11,3,10,12,18,53,16,4,0,16,21,17,63,10
piracetam,33,19,2,1,7,8,0,9,3,1,1,7,1,0,0,2,18,1,8,5,0,1,8,4,18,4,0,0,4,4,6,13,2
reboxetine,5,6,0,0,2,3,0,1,2,0,0,0,0,0,0,0,5,0,1,0,0,1,2,1,4,1,0,0,2,1,3,0,0
aura,44,14,2,2,14,7,0,5,2,2,1,12,1,1,0,2,17,1,8,5,0,3,8,6,21,4,0,0,2,2,7,17,2
hydergine,13,9,0,0,3,3,0,1,1,0,0,3,0,0,0,1,6,0,5,1,0,1,7,2,11,2,0,0,2,0,4,3,0
marjoram,7,8,0,0,2,4,0,3,1,0,0,0,0,0,0,0,8,0,3,2,0,0,2,1,5,0,0,0,0,2,2,1,2
calamus,18,15,2,0,7,5,0,5,2,1,0,4,0,0,0,1,11,0,9,5,1,2,7,4,10,0,0,0,1,5,2,7,2
zopidem,0,2,0,0,0,0,0,0,0,0,0,0,0,0,0,0,1,0,0,0,0,0,0,0,0,0,0,0,0,0,0,0,0
peyote,39,20,0,1,15,8,0,7,2,2,1,16,2,0,0,3,23,1,14,6,0,4,6,5,19,2,1,0,7,4,9,20,4
abilify,2,2,0,0,2,1,0,0,0,0,0,0,1,0,0,0,0,0,4,1,0,1,2,0,3,0,0,0,0,0,1,0,0
doxycycline,2,0,0,0,1,1,0,1,0,0,0,1,0,0,0,0,1,0,1,0,0,0,0,0,4,0,0,0,0,2,1,0,0
oregano,16,3,0,0,1,0,0,0,0,1,0,0,0,0,0,0,5,0,2,4,0,0,1,0,7,1,0,0,0,0,2,5,1
secobarbital,2,2,0,0,2,1,0,1,1,0,0,0,0,0,0,0,5,0,5,3,0,0,3,1,6,0,0,0,0,0,1,0,1
pod,39,18,3,1,11,7,0,8,3,1,1,13,1,0,0,3,16,1,12,5,1,2,9,6,16,0,0,0,5,5,8,20,3
cp,10,4,0,0,3,1,0,3,1,0,0,3,1,1,0,2,8,0,2,2,0,2,2,0,8,0,0,0,2,0,4,2,1
ether,38,19,2,1,12,8,0,15,2,3,1,11,1,3,1,1,16,1,10,6,0,6,7,4,19,6,1,0,7,1,9,20,2
pranayama,4,2,0,0,1,0,0,0,0,1,0,1,0,0,0,0,0,0,2,1,0,0,1,0,5,0,0,0,0,0,0,3,0
toothpaste,19,3,0,0,4,4,0,3,1,0,0,2,0,0,0,0,6,0,4,3,0,1,2,0,12,1,0,0,0,1,2,5,0
naltrexone,7,2,0,0,1,4,0,2,0,1,0,1,0,0,1,0,2,0,3,1,0,0,1,0,6,0,0,0,1,0,2,0,0
beer,64,26,0,6,18,14,0,15,5,2,2,15,1,4,2,4,29,1,21,6,1,7,8,12,30,6,1,0,6,6,12,40,6
grapefruit,29,14,0,0,4,7,0,3,3,1,1,8,2,0,0,0,16,0,7,3,1,2,5,0,13,0,0,0,3,2,5,14,1
brunfelsia,6,5,2,1,3,3,0,2,1,0,0,3,0,0,0,0,5,1,1,2,0,0,4,1,6,0,0,0,1,1,3,2,0
phenytoin,1,2,0,0,2,1,0,10,0,0,0,0,0,1,1,0,0,1,2,0,0,1,1,1,3,1,0,0,1,1,2,1,2
codiene,10,6,0,0,3,7,0,2,1,1,0,2,0,0,0,0,5,0,3,2,0,0,5,0,10,0,0,0,1,0,4,3,1
argemone,4,2,0,0,2,2,0,0,0,1,0,0,0,0,0,0,1,0,0,1,0,0,3,1,5,0,0,0,1,0,3,3,0
nucifera,20,8,0,0,1,2,0,3,0,1,0,2,0,0,0,1,6,1,0,2,0,3,6,0,7,0,0,0,2,1,3,8,1
amitriptyline,7,5,0,0,2,2,0,1,3,1,0,0,0,0,0,0,3,0,4,0,0,0,2,1,3,0,0,0,0,0,2,3,1
opium,51,19,1,5,14,12,0,18,2,3,2,11,2,3,1,2,24,3,17,5,0,4,8,6,27,2,3,0,9,6,9,27,5
phenobarbital,8,5,0,0,2,3,0,2,1,1,0,0,1,0,0,0,4,0,4,3,1,0,2,0,7,0,0,0,1,0,0,3,1
neurontin,8,3,0,0,1,1,0,3,1,0,0,2,1,0,0,1,5,0,6,1,0,1,3,3,5,0,0,0,1,1,1,3,0
buprenorphine,16,11,0,1,3,9,0,3,2,1,1,0,0,0,0,0,13,1,5,3,0,3,5,2,10,1,0,0,4,3,7,5,3
lamotrigine,2,1,0,0,0,0,0,0,0,0,0,0,0,0,0,1,2,0,6,1,0,0,0,0,3,0,0,0,0,0,1,0,0
dhea,8,5,0,0,4,2,0,4,3,0,0,0,0,1,0,1,5,0,3,2,1,1,3,5,7,0,0,0,1,1,2,2,0
sound,85,36,8,8,34,18,1,21,11,5,10,28,3,5,2,6,51,2,30,9,2,10,12,15,53,14,4,0,15,20,17,60,8
bearberry,14,3,0,0,1,1,0,0,2,0,0,2,0,0,0,0,4,0,0,2,0,2,3,0,6,2,0,0,0,0,0,2,0
tank,34,13,3,4,13,8,0,5,3,1,1,10,0,1,0,0,14,0,10,5,0,6,6,10,25,8,1,0,5,0,8,25,2
kava,35,21,2,2,11,9,1,7,3,2,1,5,1,1,1,3,21,1,12,3,1,3,9,7,20,1,0,0,4,5,6,14,2
capsicum,5,2,0,0,2,2,0,0,0,2,0,0,0,0,0,0,1,0,1,1,0,2,3,0,5,0,0,0,0,1,2,1,0
sildenafil,5,6,0,0,2,3,0,5,2,1,0,0,0,0,0,0,5,0,1,1,0,1,4,3,8,1,0,0,2,2,3,2,0
phenelzine,12,9,0,1,3,4,0,6,3,2,0,1,1,0,0,0,9,1,5,2,0,3,3,1,7,1,0,0,3,1,4,0,1
cannabinoids,27,17,0,2,10,4,0,6,2,3,1,6,2,0,0,1,16,1,11,5,1,3,8,5,19,2,0,0,4,2,6,16,1
coca,35,19,2,3,14,11,0,6,3,2,1,13,1,1,0,2,20,1,11,5,1,5,9,7,16,5,1,0,5,4,7,20,1
diphenhyramine,0,0,0,0,0,0,0,0,0,0,0,0,0,0,0,0,0,0,0,0,0,0,0,0,0,0,0,0,0,0,0,0,0
mdoh,3,2,0,0,1,0,0,0,0,0,0,1,1,0,0,0,8,0,0,1,0,0,3,0,5,0,0,0,0,0,1,1,0
meperidine,10,5,0,1,3,3,0,4,2,1,0,1,1,0,0,0,12,1,4,2,0,3,3,0,7,0,0,0,1,0,3,2,1
mugwort,19,6,0,1,3,3,0,2,1,1,0,3,0,0,0,0,10,1,1,2,0,3,6,1,8,0,0,0,2,2,3,7,1
n2o,20,13,1,1,4,6,0,4,2,1,1,7,0,0,0,0,11,2,7,5,0,2,6,1,12,4,0,0,5,0,6,15,1
difluoroethane,0,0,0,0,0,0,0,0,0,0,0,0,0,0,0,0,0,0,1,0,0,0,1,0,1,0,0,0,0,0,0,0,0
mbdb,17,7,1,1,3,1,0,3,2,0,1,2,2,1,0,1,12,0,4,2,0,1,4,1,10,0,0,0,1,0,2,4,1
demon,43,20,2,4,16,8,0,5,4,1,1,14,2,1,0,2,17,0,14,6,1,9,9,7,27,1,0,0,3,3,10,27,6
iv,48,21,3,5,13,9,0,20,3,3,2,14,3,3,2,2,26,1,17,7,1,6,9,10,25,6,3,0,6,11,8,29,4
strain,60,23,3,6,15,11,0,13,4,2,6,17,2,1,2,3,26,3,18,8,2,6,8,10,32,8,0,0,10,12,11,32,5
hydrocodone,36,15,0,1,8,7,0,9,2,2,1,5,2,0,0,1,20,1,9,5,0,5,8,4,20,3,1,0,4,4,7,14,2
promethazine,12,7,0,2,4,4,0,11,2,0,0,1,0,1,1,0,4,1,8,2,0,2,4,2,10,2,0,0,1,4,2,2,3
hydromorphone,20,9,0,0,6,3,0,4,0,1,0,4,1,0,0,1,12,1,8,3,0,1,4,2,13,0,0,0,2,2,4,7,1
cacao,19,14,2,0,7,5,0,5,1,1,1,4,1,0,0,2,13,0,6,3,0,4,6,1,14,0,0,0,0,3,4,10,3
ritalin,25,18,0,3,6,9,0,9,3,2,1,11,1,0,0,2,15,1,10,5,0,2,8,3,15,2,1,0,6,4,7,9,0
absinthe,28,15,1,2,4,8,0,4,1,1,0,4,0,0,0,0,15,1,9,5,0,3,7,4,18,3,1,0,2,4,7,14,3
morningglory,2,0,0,0,0,0,0,0,1,0,0,0,0,0,0,0,1,0,1,1,0,1,1,0,2,0,0,0,0,0,0,0,0
migraine,31,15,2,1,7,7,0,10,2,2,1,8,1,0,0,2,18,1,16,3,1,2,6,3,15,4,0,0,6,6,6,13,2
methoxetamine,6,1,0,0,2,1,0,0,0,0,0,1,1,0,0,0,4,0,0,1,0,0,2,1,8,0,0,0,2,2,0,1,0
morning,76,28,4,7,30,16,1,17,8,3,4,22,3,1,2,4,37,3,24,9,1,10,11,12,40,9,2,0,12,16,16,47,9
acetominophen,2,1,0,0,2,3,0,0,0,0,0,0,0,0,0,0,0,0,0,0,0,1,1,1,4,0,0,0,0,0,1,1,0
temazepam,21,13,0,1,6,11,0,11,3,0,0,0,1,1,1,1,14,1,14,2,0,3,7,2,13,2,0,0,4,2,7,4,2
suboxone,18,7,0,0,6,6,0,1,1,2,1,0,2,0,0,0,9,1,5,2,0,1,7,2,13,1,0,0,2,3,7,12,2
lithium,25,13,0,2,5,6,0,3,3,0,0,6,1,0,0,1,13,0,10,4,0,1,5,3,15,1,0,0,4,1,7,5,1
diphenhydramine,34,14,2,2,14,8,0,9,2,1,1,9,1,0,0,3,17,0,13,5,0,3,10,4,16,1,0,0,3,2,10,15,1
harmine,24,17,1,1,5,7,1,5,4,1,1,8,2,0,0,0,15,0,10,4,1,2,6,4,13,1,0,0,2,3,7,7,3
balm,15,11,2,0,3,4,0,3,3,1,0,3,0,0,0,1,11,0,7,3,0,2,5,4,10,0,0,0,2,4,3,4,2
oil,65,22,6,6,24,14,1,15,6,3,3,13,3,0,1,4,34,1,22,6,2,8,11,13,36,9,1,0,12,15,12,33,6
bonzai,3,0,0,0,1,0,0,0,0,0,0,0,0,0,0,0,0,0,0,0,0,0,0,0,2,0,0,0,0,0,0,0,0
kush,15,6,0,0,5,0,0,1,2,0,0,3,0,0,0,0,6,0,2,4,0,1,2,0,10,0,0,0,0,0,2,5,1
diplopterys,9,2,0,0,2,3,0,1,1,0,0,2,0,0,0,0,5,0,5,3,0,2,3,1,9,0,0,0,1,0,1,4,0
cigar,24,11,1,1,8,5,0,1,1,1,1,5,1,0,0,0,12,0,5,5,0,3,7,3,15,3,0,0,3,1,4,17,2
hydroxyzine,3,4,0,0,5,1,0,10,0,0,0,0,0,1,1,0,3,1,2,1,0,2,1,1,7,1,0,0,1,1,2,1,2
running,72,25,2,5,24,13,0,12,6,3,5,19,3,3,1,4,30,2,20,6,2,9,10,10,36,10,4,0,9,8,13,41,6
henbane,22,16,0,3,8,6,0,4,2,1,0,3,1,0,0,0,13,1,11,3,1,3,6,4,11,0,0,0,2,5,3,17,3
garlic,26,6,0,1,8,4,0,3,1,1,1,3,2,0,0,1,8,0,4,3,0,3,5,0,13,2,0,0,0,2,7,10,2
zaleplon,0,1,0,0,0,0,0,0,0,0,0,0,0,0,0,0,0,0,0,0,0,0,0,0,0,0,0,0,0,0,0,0,0
lecithen,0,0,1,0,1,0,0,0,0,0,0,0,0,0,0,0,4,0,0,0,0,0,1,0,2,0,0,0,1,0,0,0,0
yoga,44,22,2,1,12,10,0,5,4,1,1,12,2,0,2,1,15,1,13,4,1,4,7,7,19,2,0,0,3,5,7,16,2
mipt,8,1,0,0,4,3,0,1,1,1,0,2,0,0,0,0,7,0,0,2,0,2,1,1,5,1,0,0,1,0,6,2,0
fasting,29,12,0,0,5,7,0,6,1,1,1,11,2,0,0,0,10,0,8,4,0,5,6,2,14,1,0,0,4,1,7,14,0
vermont,6,2,0,0,4,2,0,2,1,1,0,1,0,0,0,1,2,0,5,3,0,1,2,0,9,0,0,0,1,2,2,1,1
mdvp,1,1,0,0,1,0,0,0,0,0,0,0,0,0,0,0,1,0,0,0,0,0,0,0,1,0,0,0,0,0,0,0,0
codeine,44,19,1,1,12,12,0,10,3,3,1,4,2,1,0,2,23,1,14,4,0,3,8,3,26,1,1,0,5,6,7,21,4
atropa,10,5,0,0,4,0,0,2,1,1,0,2,1,0,0,0,7,0,4,3,0,2,3,0,6,0,0,0,1,1,4,6,0
hyperventilation,10,5,0,2,4,2,0,4,2,1,0,7,2,0,0,1,6,0,4,3,0,4,5,0,8,1,0,0,0,0,5,4,1
meopp,1,0,0,0,0,0,0,0,0,0,0,0,0,0,0,0,1,0,0,1,0,0,2,0,2,0,0,0,0,0,0,0,0
olanzapine,14,4,0,1,4,1,0,2,0,0,0,3,1,0,0,1,10,0,8,4,0,1,3,1,9,0,0,0,2,0,2,3,0
escitalopram,4,2,0,0,0,0,0,0,0,0,0,0,0,0,0,0,0,0,0,0,0,1,0,0,0,0,0,0,0,0,1,0,0
desyrel,8,6,0,0,2,3,0,2,2,0,0,1,0,0,0,0,5,0,1,1,0,1,2,1,6,1,0,0,3,1,3,0,0
flexeril,6,5,0,0,2,2,0,0,1,0,0,1,0,0,0,0,6,1,2,2,0,0,4,1,5,0,0,0,0,0,1,2,0
tansy,6,2,0,0,3,5,1,0,0,1,0,2,0,0,0,0,7,0,2,3,0,1,3,1,9,0,0,0,0,1,2,6,0
dramamine,29,16,0,2,10,10,0,5,2,1,1,8,1,0,1,2,16,2,8,6,0,7,7,7,16,2,0,0,4,2,8,19,2
lortab,8,3,0,0,2,5,0,0,0,0,0,2,0,0,0,0,6,0,1,1,0,1,2,0,3,0,0,0,0,0,2,3,0
glue,34,10,0,0,9,5,0,3,1,2,2,10,0,0,0,0,9,0,5,3,0,3,5,2,17,2,0,0,3,0,8,19,2
speed,67,26,3,6,26,13,1,13,8,1,8,17,2,2,1,4,31,1,27,8,1,10,11,11,41,11,0,0,10,10,10,37,5
ketamine,55,24,3,5,16,11,1,17,6,1,1,14,1,2,2,3,27,3,17,5,0,9,9,9,30,9,0,0,9,5,11,37,4
k2,9,2,0,0,5,1,0,2,1,0,0,2,0,0,0,0,1,1,1,2,0,2,3,1,9,0,0,0,2,0,3,3,1
rose,53,20,2,3,16,7,0,7,4,1,2,13,1,1,0,2,14,1,15,5,1,8,8,11,25,5,0,0,5,8,11,27,4
fentanyl,28,10,1,1,8,8,0,3,3,3,2,2,1,1,2,0,15,2,10,4,0,2,6,2,16,1,0,0,3,5,6,12,1
vyvanse,4,3,0,0,1,1,0,0,1,0,0,0,0,0,0,0,1,0,1,0,0,0,1,0,1,0,0,0,0,0,0,2,0
guaifenesin,13,5,0,1,4,6,0,3,1,1,1,0,0,0,0,1,8,0,2,2,0,1,5,1,11,0,0,0,0,0,4,4,0
butylone,3,0,0,0,1,0,0,0,0,0,0,0,0,0,0,0,2,0,0,1,0,0,2,0,3,0,0,0,0,1,2,1,0
crack,61,24,4,5,23,10,1,7,4,1,3,16,2,2,0,5,25,0,20,7,0,8,8,13,37,7,3,0,8,10,8,36,5
toluene,10,7,0,0,4,5,0,3,0,1,0,2,0,0,0,0,6,0,0,2,0,2,2,0,12,0,0,0,1,0,4,7,2
trihexyphenidyl,2,0,0,0,0,1,0,0,0,0,0,1,0,0,0,0,2,0,0,0,0,0,1,0,1,0,0,0,0,0,1,0,0
ambien,17,12,0,0,3,5,0,3,2,2,1,2,0,0,0,2,15,0,7,3,0,0,7,2,11,0,1,0,2,0,4,7,1
psilocin,38,22,0,1,8,7,1,8,2,2,2,14,1,0,0,3,21,1,9,6,1,7,7,3,19,4,0,0,7,5,9,18,4
adrafinil,10,10,1,1,2,3,0,3,2,0,1,1,0,0,0,0,5,0,2,2,0,1,7,1,10,1,0,0,2,1,3,3,0
atropine,28,15,2,1,7,8,0,7,2,2,1,5,1,0,0,0,18,1,11,4,2,3,7,5,13,1,0,0,2,5,4,11,2
elavil,8,2,0,0,0,3,0,2,2,1,0,0,0,0,0,0,1,0,1,1,0,0,3,0,2,0,0,0,1,0,1,3,0
ziprasidone,0,0,0,0,0,0,0,0,0,0,0,0,0,0,0,0,2,0,0,0,0,0,0,0,1,0,0,0,0,0,0,0,0
amt,42,16,0,4,7,9,0,5,2,1,1,8,1,0,0,0,16,1,9,7,0,4,8,3,17,2,1,0,3,3,8,21,1
yopo,29,13,1,1,8,5,0,6,1,1,0,3,0,0,0,0,16,0,6,7,0,3,6,1,10,2,0,0,4,4,4,7,2
benadryl,27,18,0,0,9,5,0,8,1,0,0,5,1,0,0,1,14,0,8,5,0,2,8,2,12,0,0,0,2,0,7,12,1
methampetamine,1,0,0,0,1,0,0,0,0,0,0,0,0,0,0,0,1,0,0,0,0,0,0,0,0,0,0,0,0,0,0,0,0
oxygen,45,21,3,5,15,9,0,14,3,2,4,11,3,1,1,1,17,3,17,4,0,5,7,6,31,9,1,0,9,6,11,21,5
55,32,11,0,1,6,5,0,4,2,2,1,9,0,1,0,1,12,1,4,4,0,1,6,0,14,2,0,0,6,1,9,13,3
zoloft,21,15,0,2,4,5,0,7,2,1,1,5,1,0,0,1,10,0,10,3,0,2,5,4,14,1,0,0,4,1,5,8,0
glucosamine,0,0,0,0,0,1,0,0,0,1,0,0,0,0,0,0,0,0,0,0,0,0,1,0,2,0,0,0,0,1,0,1,0
panax,7,5,1,1,2,3,0,3,1,0,0,5,0,0,0,1,4,1,4,3,1,3,4,2,3,1,0,0,2,0,3,1,0
subutex,13,9,0,0,4,6,0,1,2,1,0,0,2,0,0,0,10,1,4,3,0,2,4,1,8,1,0,0,4,1,6,4,2
klonopin,25,13,0,1,8,5,0,1,2,0,1,3,0,0,0,0,13,1,11,4,0,3,5,2,11,1,0,0,3,1,8,10,1
nucynta,0,0,0,0,0,0,0,0,0,0,0,0,0,0,0,0,0,0,0,0,0,0,0,0,0,0,0,0,0,0,0,0,0
soma,27,10,2,2,6,4,0,3,2,1,1,8,1,0,0,1,16,0,9,4,0,2,5,0,12,3,1,0,3,2,7,11,0
freebase,38,16,1,2,9,7,0,8,3,2,3,8,2,0,0,2,20,1,12,6,0,3,7,7,23,3,1,0,5,3,8,18,2
phenylalanine,8,9,0,0,1,2,0,1,1,0,0,1,0,0,0,0,3,0,5,2,0,2,4,0,7,0,0,0,1,0,1,3,0
paxil,14,11,0,2,4,4,0,6,3,0,0,3,1,0,0,0,9,0,10,2,0,2,4,3,11,1,0,0,4,1,6,5,0
biloba,15,5,0,0,4,3,0,6,1,0,0,1,0,0,0,0,7,0,5,2,0,2,3,1,9,1,0,0,0,0,3,4,1
ibuprofen,14,10,0,2,4,5,1,3,2,1,0,2,1,0,1,1,5,0,5,3,0,2,6,2,14,1,0,0,1,4,3,6,2
glaucine,3,1,0,0,2,1,0,0,0,0,0,0,0,0,0,0,0,0,0,1,0,0,1,0,2,0,0,0,0,0,0,0,0
yerba,33,18,2,1,10,6,1,7,3,1,1,7,1,0,1,2,15,1,9,5,1,3,6,5,16,3,0,0,4,4,5,15,1
flunitrazepam,4,6,0,0,4,1,0,10,0,0,0,0,0,1,1,0,3,1,4,3,0,2,2,1,7,1,0,0,1,1,3,1,2
cathinone,9,5,0,1,2,2,0,1,2,0,0,2,0,0,0,0,5,1,4,2,0,2,5,2,8,0,0,0,2,0,2,1,0
strattera,3,1,0,0,0,0,0,0,0,0,0,0,0,0,0,0,0,0,0,1,0,0,1,0,3,0,0,0,0,0,0,0,0
leaf,77,32,4,7,31,17,1,13,10,2,9,24,3,2,2,3,43,3,22,7,3,7,12,15,38,13,3,0,14,15,14,48,8
gvl,4,0,0,0,0,0,0,0,0,0,0,1,0,0,0,0,0,0,2,0,0,0,0,0,3,0,0,0,0,0,0,0,0
ecstasy,60,23,3,4,26,13,1,9,4,2,3,15,3,2,0,5,26,1,21,7,0,9,8,11,35,6,0,0,6,8,11,34,2
cannabis,66,27,2,4,20,13,0,15,6,3,4,18,2,0,2,6,33,2,25,7,2,7,9,11,36,13,1,0,10,11,15,45,6
prom,10,1,0,0,3,1,0,2,0,0,0,1,1,0,0,0,2,0,2,2,0,0,3,0,6,0,0,0,0,0,0,3,0
passion,44,17,0,2,12,9,1,5,2,1,1,13,1,1,0,2,15,1,11,5,0,5,9,4,23,2,0,0,6,0,9,22,2
atenolol,0,0,0,0,2,0,0,0,0,0,0,0,0,0,0,0,0,0,0,1,0,1,0,0,2,0,0,0,0,0,2,0,0
maoi,52,24,3,5,15,10,0,10,5,2,1,11,1,0,0,1,25,1,15,6,1,5,8,8,22,6,1,0,10,7,11,28,3
triprolidine,0,0,0,0,1,0,0,0,0,0,0,0,0,0,0,0,1,0,0,0,0,0,0,0,0,0,0,0,0,0,0,0,0
methamphetamine,49,22,1,7,15,12,1,16,4,3,0,9,4,2,1,1,25,3,18,5,0,5,9,6,25,2,1,0,8,7,10,23,3
desoxyn,10,3,0,1,1,2,0,0,1,0,0,1,1,0,0,0,2,0,3,1,0,2,3,1,10,1,0,0,1,1,1,3,0
posh,13,5,0,1,8,2,0,0,2,1,1,2,0,0,0,1,1,0,6,2,0,5,1,5,13,1,0,0,2,2,4,9,0
rum,24,14,1,2,5,8,0,6,1,1,1,6,0,0,0,1,17,0,11,5,0,3,6,2,12,0,0,0,1,2,5,13,2
rue,50,23,3,3,12,10,0,10,3,1,2,14,2,0,0,2,22,1,12,6,0,6,8,5,25,3,0,0,8,8,10,25,4
ayahausca,13,4,0,2,4,4,0,3,2,0,1,6,1,0,0,0,8,0,5,5,0,2,3,2,11,0,0,0,3,2,3,8,0
chanting,20,9,0,1,8,2,0,3,3,0,1,10,1,0,0,0,7,0,7,3,0,6,3,5,14,2,0,0,2,1,6,18,0
mandrake,22,15,2,2,6,6,0,4,2,1,1,4,1,0,0,1,13,1,10,4,1,2,6,4,9,0,0,0,1,6,4,12,3
valium,36,24,0,4,13,11,2,15,2,1,1,8,1,1,1,3,21,1,18,5,0,6,8,5,22,3,0,0,6,7,9,20,4
zopiclone,12,7,0,1,3,4,0,2,1,0,0,0,1,0,0,0,4,0,6,3,0,0,3,2,8,0,0,0,0,0,1,2,0
nelumbo,25,8,0,0,2,2,0,3,0,1,0,3,0,0,0,1,9,1,0,2,0,3,6,0,10,0,0,0,3,1,3,9,1
inderal,3,0,0,0,0,0,0,0,0,0,0,0,0,0,0,0,1,0,0,0,0,0,1,0,2,0,0,0,0,0,0,0,0
obe,16,5,0,0,6,1,0,0,1,1,1,7,0,0,0,0,7,0,7,2,0,2,3,0,13,1,0,0,1,0,3,5,1
nde,18,6,0,0,3,1,0,1,1,1,1,4,0,0,0,0,6,0,4,2,0,1,2,2,12,0,0,0,1,0,6,4,1
glade,7,3,0,0,2,1,0,1,0,0,0,2,0,0,0,0,2,0,1,2,0,0,0,0,5,0,0,0,1,0,2,2,0
diazapam,13,5,0,0,2,5,0,0,1,0,0,0,0,0,0,0,5,1,2,2,0,1,3,0,8,0,0,0,2,0,3,3,1
catnip,29,17,0,0,8,6,0,4,1,1,1,4,1,0,0,1,15,1,8,4,0,2,8,3,14,1,0,0,3,2,5,9,2
scopolamine,22,17,2,1,5,7,0,5,1,1,2,8,1,0,0,0,18,1,9,4,1,2,7,2,14,0,0,0,5,3,6,10,2
robaxin,1,0,0,0,1,0,0,0,0,0,0,1,0,0,0,0,0,1,0,0,0,0,0,0,3,0,0,0,1,0,0,1,0
duloxetine,7,7,0,0,2,4,0,2,2,0,0,0,0,0,0,0,5,0,1,0,0,1,2,1,5,1,0,0,2,1,3,2,0
propranolol,15,3,0,2,4,3,0,4,0,0,0,2,0,0,0,0,2,0,5,2,0,0,1,0,7,0,0,0,0,0,1,2,0
burning,57,26,6,3,21,12,1,20,7,2,4,12,1,1,2,0,23,1,21,7,1,9,9,10,33,6,1,0,6,9,9,37,6
synephrine,6,5,0,0,5,3,0,2,2,1,0,0,1,0,0,0,9,1,3,2,1,1,3,4,5,0,0,0,2,1,1,2,0
cyclobenzaprine,6,7,0,0,2,2,0,0,1,0,0,0,0,0,0,0,6,0,2,1,0,0,4,1,4,0,0,0,0,0,0,2,0
guard,44,17,0,1,16,7,0,4,2,1,1,12,1,1,0,1,14,0,9,5,0,7,6,9,28,5,1,0,4,2,11,24,5
propylhexedrine,7,5,0,0,2,2,0,13,2,0,0,0,0,1,1,0,0,1,3,1,0,1,2,2,8,1,0,0,1,1,3,2,2
divinorum,50,18,3,2,15,9,0,8,2,1,3,13,1,0,0,0,18,1,13,6,0,5,7,3,22,3,0,0,4,5,8,23,4
oolong,3,2,0,0,0,1,0,0,0,0,0,0,0,0,0,0,0,0,1,1,0,0,1,1,1,0,0,0,2,0,1,0,0
dreaming,59,22,2,2,15,8,1,10,3,3,2,17,1,0,0,2,26,1,12,7,0,6,9,9,25,6,1,0,9,7,11,28,4
dyphenhydramine,1,0,0,0,1,0,0,0,0,0,0,0,0,0,0,0,1,0,0,0,0,0,0,0,0,0,0,0,0,0,0,0,0
kawa,1,1,0,0,0,0,0,0,0,0,0,0,0,0,0,0,1,0,0,1,0,0,0,0,2,0,0,0,0,0,0,0,0
prozac,34,15,0,3,7,5,0,6,2,2,1,8,1,0,0,1,15,0,10,3,0,5,7,4,15,2,0,0,6,4,8,14,0
dizocilpine,1,2,0,0,2,0,0,0,1,0,0,0,1,0,0,1,2,0,2,1,0,0,1,0,3,0,0,0,2,0,1,0,0
provigil,9,10,0,1,3,3,0,2,2,1,0,1,0,0,0,1,6,0,2,1,0,2,4,1,7,1,0,0,3,1,4,1,0
vicks,10,11,0,2,4,6,0,6,3,0,1,2,0,0,0,0,8,2,8,2,0,1,6,1,10,0,0,0,1,0,4,7,0
zolpidem,14,9,0,0,3,4,0,0,1,0,0,1,0,0,0,2,9,0,6,3,0,0,6,1,7,0,0,0,0,0,2,5,1
tyrosine,18,11,0,0,6,3,0,3,2,2,0,2,2,0,0,0,11,1,9,2,0,3,5,1,12,3,0,0,3,1,5,6,0
bufotenine,22,16,2,2,7,5,0,7,2,2,1,3,1,0,0,1,15,1,11,4,2,2,6,5,14,0,0,0,4,5,5,5,2
torch,45,18,1,1,15,8,0,6,1,1,3,10,1,0,0,1,15,1,9,6,0,4,7,1,23,3,0,0,7,3,7,21,6
dextroamphetamine,10,7,0,1,2,3,0,1,1,1,0,3,0,0,0,0,6,0,5,2,0,1,4,2,8,0,0,0,1,2,3,3,0
cannibis,13,7,0,0,3,2,0,0,1,1,1,3,0,0,0,0,6,0,4,3,0,2,5,1,9,1,0,0,2,0,4,5,1
lorazepam,17,8,0,1,6,3,0,3,3,0,0,2,0,0,0,0,11,0,9,3,0,1,4,1,9,1,0,0,3,2,3,5,0
depakote,11,1,0,1,3,1,0,0,0,0,0,2,1,0,0,0,2,0,4,3,0,1,2,0,4,0,0,0,1,0,1,1,0
pentylone,2,1,0,1,1,0,0,0,0,0,0,0,0,0,0,0,1,0,2,0,0,0,1,1,0,0,0,0,0,0,1,1,0
aniracetam,11,6,0,0,2,2,0,1,0,0,1,2,0,0,0,1,6,0,1,2,0,1,4,0,9,2,0,0,0,0,3,3,0
ginkgo,9,4,0,0,3,3,0,5,1,0,0,1,0,0,0,0,3,0,10,3,0,1,4,1,8,2,0,0,0,0,3,3,0
mulberry,4,1,0,0,2,0,0,0,1,0,0,0,1,0,0,0,3,0,0,2,0,1,2,0,3,0,0,0,0,0,0,2,0
ferox,1,2,0,1,1,0,0,0,0,0,0,1,0,0,0,0,1,1,0,2,0,0,1,0,1,0,0,0,0,0,1,0,0
valerian,28,12,0,2,4,3,1,5,2,2,0,5,0,0,0,1,14,0,8,4,0,4,9,4,13,2,0,0,6,1,5,11,2
ephedrine,34,18,3,2,9,11,0,9,3,1,1,5,2,1,0,2,15,2,12,6,0,6,8,6,15,4,0,0,5,8,8,15,3
tryptophan,21,16,0,2,6,5,0,8,2,2,1,3,2,1,0,3,15,1,10,3,0,3,8,2,13,2,0,0,6,0,5,4,1
shisha,2,0,0,0,1,1,0,0,0,0,0,0,0,0,0,0,0,0,0,2,0,2,0,0,3,0,0,0,0,0,1,1,0
spice,39,20,4,3,12,10,0,8,3,2,1,13,1,1,1,2,22,0,15,7,1,5,9,5,21,5,0,0,5,9,7,20,5
mcpp,11,5,0,1,2,2,0,4,2,0,0,0,0,1,0,1,6,0,5,2,0,2,2,0,10,0,0,0,2,0,4,2,1
rush,70,27,3,4,21,12,0,11,3,1,5,18,1,2,1,3,28,1,20,6,1,9,9,13,36,9,2,0,9,10,11,39,5
glory,55,23,1,3,17,10,0,9,4,1,2,16,1,0,0,2,26,3,17,7,0,9,8,8,28,4,1,0,9,7,12,35,7
oxazepam,4,2,0,0,2,0,0,0,0,0,0,0,0,0,0,0,3,0,3,1,0,2,4,0,8,0,0,0,0,0,1,2,0
dom,21,11,0,0,5,2,0,4,0,2,1,3,1,0,0,1,11,1,6,4,0,4,4,1,12,0,0,0,2,1,5,8,0
percocet,22,6,0,0,4,4,0,0,1,2,0,3,0,0,1,0,11,2,5,5,0,2,3,0,15,0,0,0,2,1,3,12,0
calcium,29,15,2,3,7,11,0,14,2,1,1,4,2,1,2,1,17,2,13,5,1,2,6,4,22,5,0,0,6,6,7,17,5
phosphate,11,5,0,0,5,5,0,2,1,2,1,4,1,1,0,2,10,1,9,3,0,3,6,0,11,1,1,0,4,0,3,5,0
dmt,69,28,5,7,24,10,2,13,3,3,6,18,3,0,0,4,36,1,21,9,1,8,12,12,37,8,1,0,15,8,10,38,6
adderall,34,15,0,3,8,8,0,8,2,2,0,5,1,0,0,2,14,0,13,5,0,3,9,6,23,0,2,0,4,3,6,14,0
paroxetine,13,7,0,0,4,4,0,4,3,0,1,3,1,0,0,0,9,0,5,2,0,2,5,2,10,2,0,0,4,1,5,4,0
haloperidol,16,4,0,2,4,2,0,3,2,0,0,2,0,1,0,2,6,0,9,2,1,0,3,1,7,0,0,0,1,0,3,3,1
wormwood,31,13,0,3,5,8,0,7,2,1,2,5,0,0,0,0,14,1,10,5,0,3,8,4,17,3,0,0,4,8,7,14,3
peruvian,32,13,2,1,10,7,0,6,2,1,2,10,0,1,0,0,14,1,8,4,0,5,6,3,19,4,1,0,6,3,6,19,3
nuvigil,2,3,0,1,1,0,0,0,0,0,0,0,0,0,0,0,1,0,2,0,0,0,1,0,1,0,0,0,0,0,0,1,0
prayer,45,11,3,1,17,5,0,5,3,1,1,14,1,0,0,1,12,0,13,5,0,8,6,6,24,3,0,0,5,7,8,26,2
seconal,2,0,0,0,2,1,0,0,1,0,0,0,0,0,0,0,1,0,1,2,0,0,1,0,2,1,0,0,0,0,1,0,0
melatonin,28,17,1,0,5,6,0,5,3,3,1,9,1,0,0,1,17,1,10,5,0,4,9,1,13,2,0,0,3,0,6,14,2
withdrawal,49,23,3,6,15,14,1,14,4,3,2,12,3,2,1,2,24,2,19,5,0,6,9,8,30,4,0,0,5,11,10,28,3
syrian,43,23,3,3,10,10,0,10,3,1,1,13,2,0,0,1,19,1,11,6,0,6,8,5,21,3,0,0,8,7,10,23,4
narcan,9,4,0,0,6,1,0,3,0,0,0,0,0,0,0,0,6,1,2,2,0,2,4,1,6,1,0,0,1,0,1,3,0
carisoprodol,5,4,0,0,1,1,0,0,1,0,0,0,0,0,0,0,4,0,1,3,0,0,1,0,3,0,0,0,0,0,0,1,0
lemon,47,19,0,1,10,11,0,10,3,1,1,11,1,0,1,2,20,1,13,5,0,6,9,4,23,3,0,0,6,7,7,23,5
mimohuasca,7,2,0,0,1,1,0,2,0,0,0,1,0,0,0,0,1,0,0,1,0,0,0,0,5,1,0,0,0,0,1,1,0
5,81,32,6,6,33,16,0,23,7,3,9,25,6,4,3,6,45,1,29,10,2,10,10,13,45,14,2,0,15,14,15,52,11
vicodin,27,11,0,0,5,5,0,5,2,2,0,6,1,0,1,1,15,1,9,5,0,2,8,1,19,1,0,0,2,4,5,12,1
acetaminophen,26,8,0,2,6,10,0,4,3,1,0,2,2,0,0,1,11,0,7,4,0,4,6,2,11,1,0,0,1,1,5,9,1
doxylamine,19,7,0,0,4,4,0,5,2,0,1,2,1,0,0,0,8,0,5,3,0,2,7,2,8,0,0,0,1,0,3,4,0
tma,8,5,0,0,3,2,0,2,1,3,0,3,1,0,0,0,9,1,4,3,0,3,5,2,7,0,0,0,2,2,4,5,0
baclofen,14,7,0,0,4,5,0,3,2,0,0,3,0,0,0,0,11,0,3,1,0,0,3,4,7,1,0,0,0,1,2,6,1
alprozolam,4,1,0,0,0,0,0,0,0,0,0,0,0,0,0,0,1,0,0,1,0,0,1,0,1,0,0,0,0,0,0,0,0
mimosahuasca,13,3,0,0,1,2,0,0,1,0,1,3,0,0,0,0,2,0,2,2,0,0,2,0,7,0,0,0,1,0,1,3,0
xanax,46,19,0,3,8,10,0,11,3,1,1,10,1,0,0,3,22,0,15,4,1,4,9,6,21,2,1,0,5,7,9,19,1
ointment,14,5,3,0,8,3,0,4,2,1,0,3,0,0,0,1,8,0,8,3,1,1,5,5,12,0,0,0,3,4,5,6,0
ativan,20,11,0,1,7,6,0,2,2,0,1,3,1,0,0,1,13,0,11,1,0,2,7,1,14,1,0,0,3,1,4,6,1
allylescaline,0,0,0,0,0,0,0,0,0,0,0,0,0,0,0,0,0,0,0,1,0,0,1,0,0,0,0,0,0,0,0,0,0
bupronorphine,1,1,0,0,0,1,0,0,0,1,0,0,0,0,0,0,0,0,0,0,0,0,0,0,2,0,0,0,1,0,0,0,0
semilanceata,16,6,0,0,5,1,0,2,2,0,1,4,0,0,0,1,9,0,2,4,0,2,5,1,12,1,0,0,5,0,7,7,0
ibogaine,25,19,1,0,9,6,0,10,2,2,2,8,1,0,0,2,18,1,8,3,0,3,7,1,13,1,0,0,4,5,6,10,2
serzone,7,7,0,0,2,4,0,2,2,0,0,0,0,0,0,0,5,0,1,0,0,1,2,1,5,1,0,0,2,1,3,2,0
dihydrocodeine,12,4,0,0,3,3,0,2,2,0,0,1,0,0,0,0,6,1,3,2,0,0,3,0,7,0,0,0,2,0,2,3,0
diphenidine,2,0,0,1,0,0,0,0,0,0,0,0,0,0,0,0,0,0,0,0,0,0,0,0,0,0,0,0,0,0,0,0,0
amphetamine,57,24,2,8,17,18,0,19,5,3,1,14,4,4,1,4,30,3,20,7,1,7,9,10,32,7,0,0,10,13,11,31,4
cpm,8,8,0,0,3,5,0,2,0,1,0,1,0,1,0,1,6,0,3,2,0,0,3,1,9,0,0,0,2,0,4,3,1
oxiracetam,0,1,0,0,2,1,0,0,0,0,0,1,0,0,0,0,2,0,1,0,0,0,1,0,5,0,0,0,0,1,3,0,0
pramiracetam,3,2,0,0,1,0,0,1,0,0,1,0,0,0,0,0,2,0,0,1,0,1,1,0,1,0,0,0,0,0,0,2,0
guarana,21,17,2,1,6,5,0,5,2,1,1,2,0,0,0,1,16,0,8,3,0,1,6,2,12,0,0,0,1,3,3,8,2
coricidin,22,11,0,1,4,8,0,3,1,1,1,4,0,1,0,1,8,0,5,2,0,3,5,1,14,1,0,0,3,0,6,8,2
belladona,11,9,0,0,2,3,0,5,1,1,0,1,1,0,0,0,10,0,5,3,0,2,5,0,8,0,0,0,1,2,4,4,2
dexmethylphenidate,0,0,0,0,0,0,0,0,0,0,0,0,0,0,0,0,0,0,1,0,0,0,0,0,1,0,0,0,0,0,1,0,0
xenon,3,1,0,0,2,0,0,0,0,0,0,1,0,0,0,0,3,0,1,2,0,0,1,0,2,0,0,0,0,0,1,1,0
